candidate_id;city;fresh_graduate_status;skills;excel_skill;sql_skill;python_skill;power_bi_skill;looker_studio_skill;database_skill;tableau_skill;other_skills;candidate_goals;platform_source;province;for_job;upskills;networking;switch_career
1;Jawa Tengah;Ya;Python, Tableau;0;0;1;0;0;0;1;;Cari Kerja, Upskill, Networking;LinkedIn;Jawa Tengah;1;1;1;0
2;Padang;Ya;Excel, SQL, Python, Power BI;1;1;1;1;0;0;0;;Cari Kerja, Upskill, Networking, Switch Career;LinkedIn;Sumatera Barat;1;1;1;1
3;Surabaya;Ya;Excel, SQL, Python, Power BI, Databases;1;1;1;1;0;1;0;;Cari Kerja, Upskill, Networking;Teman;Jawa Timur;1;1;1;0
4;Bandung;Ya;Python, Power BI;0;0;1;1;0;0;0;;Upskill;LinkedIn;Jawa Barat;0;1;0;0
5;Yogyakarta;Tidak;Excel, SQL, Python, Power BI, Looker Studio, Databases, Tableau;1;1;1;1;1;1;1;;Upskill, Networking, Switch Career;Teman;DI Yogyakarta;0;1;1;1
6;Tangerang ;Ya;Excel, SQL, Power BI, Tableau;1;1;0;1;0;0;1;;Upskill, Networking;Teman;Banten;0;1;1;0
7;Kudus;Tidak;Excel, SQL, Python, Power BI, Looker Studio, Databases, Tableau;1;1;1;1;1;1;1;;Cari Kerja, Upskill, Networking, Switch Career;LinkedIn;Jawa Tengah;1;1;1;1
8;Boyolali;Ya;Excel, SQL, Python, Power BI, Looker Studio, Databases, Airflow ;1;1;1;1;1;1;0; Airflow;Cari Kerja, Upskill, Networking;LinkedIn;Jawa Tengah;1;1;1;0
9;Tangerang;Tidak;Excel, SQL, Python, Power BI, Looker Studio, Databases, Tableau;1;1;1;1;1;1;1;;Upskill, Networking;Instagram;Banten;0;1;1;0
10;Sidoarjo, Jawa Timur;Tidak;Excel, SQL, Python, Power BI, Looker Studio, Tableau;1;1;1;1;1;0;1;;Cari Kerja, Upskill, Networking, Switch Career;Teman;Jawa Timur;1;1;1;1
11;Banyumas;Ya;Excel, SQL, Python, Power BI, Looker Studio, Databases;1;1;1;1;1;1;0;;Cari Kerja;Instagram;Jawa Tengah;1;0;0;0
12;Jawa Tengah;Ya;Excel, SQL, Python, Power BI, Looker Studio, Databases, Tableau;1;1;1;1;1;1;1;;Cari Kerja, Upskill, Networking;LinkedIn;Jawa Tengah;1;1;1;0
13;Bekasi;Ya;Excel, SQL, Python, Power BI, Tableau;1;1;1;1;0;0;1;;Upskill;Teman;Jawa Barat;0;1;0;0
14;Jakarta Timur;Tidak;Excel, SQL, Python, Power BI;1;1;1;1;0;0;0;;Upskill, Networking;LinkedIn;Jakarta;0;1;1;0
15;Padang;Tidak;Excel, SQL, Python, Power BI, Looker Studio, Databases, Tableau, Anything;1;1;1;1;1;1;1; Anything;Cari Kerja, Upskill, Networking, Switch Career;LinkedIn;Sumatera Barat;1;1;1;1
16;Cianjur;Tidak;Excel, SQL, Python, Power BI, Databases;1;1;1;1;0;1;0;;Cari Kerja, Networking;Teman;Jawa Barat;1;0;1;0
17;Medan;Tidak;Excel, SQL, Python, Power BI, Looker Studio, Databases, Tableau;1;1;1;1;1;1;1;;Cari Kerja, Upskill, Networking, Switch Career;LinkedIn;Sumatera Utara;1;1;1;1
18;Gresik;Ya;Excel, SQL, Python, Power BI, Tableau;1;1;1;1;0;0;1;;Cari Kerja, Upskill, Networking;LinkedIn;Jawa Timur;1;1;1;0
19;Makassar;Ya;Excel, SQL, Python, Power BI, Looker Studio, Databases, Tableau;1;1;1;1;1;1;1;;Cari Kerja, Upskill, Networking;LinkedIn;Sulawesi Selatan;1;1;1;0
20;Jawa Barat,;Ya;Excel, SQL, Power BI, Looker Studio;1;1;0;1;1;0;0;;Cari Kerja, Upskill;LinkedIn;Jawa Barat;1;1;0;0
21;Bandung ;Ya;Power BI, Looker Studio, Tableau;0;0;0;1;1;0;1;;Cari Kerja, Upskill;LinkedIn;Jawa Barat;1;1;0;0
22;Bekasi;Tidak;Excel, SQL, Python, Power BI, Looker Studio, Databases, Tableau;1;1;1;1;1;1;1;;Upskill, Networking, Switch Career;Instagram;Jawa Barat;0;1;1;1
23;Tangerang;Ya;Excel, SQL, Python, Power BI, Looker Studio, Databases, Tableau;1;1;1;1;1;1;1;;Upskill, Networking;LinkedIn;Banten;0;1;1;0
24;Dumai;Tidak;Excel, SQL, Python, Power BI, Tableau;1;1;1;1;0;0;1;;Upskill;LinkedIn;Riau;0;1;0;0
25;Dumai;Tidak;Excel, SQL, Python, Power BI, Tableau;1;1;1;1;0;0;1;;Upskill;LinkedIn;Riau;0;1;0;0
26;Pekanbaru;Tidak;Excel, Python, Power BI;1;0;1;1;0;0;0;;Upskill, Switch Career;LinkedIn;Riau;0;1;0;1
27;Depok;Ya;Excel, SQL, Python, Power BI, Looker Studio;1;1;1;1;1;0;0;;Cari Kerja, Upskill, Networking, Switch Career;LinkedIn;Jawa Barat;1;1;1;1
28;Purworejo;Ya;Excel, SQL, Python, Looker Studio;1;1;1;0;1;0;0;;Cari Kerja, Upskill, Networking;LinkedIn;Jawa Tengah;1;1;1;0
29;Medan;Ya;SQL, Python, Power BI, Looker Studio, Tableau;0;1;1;1;1;0;1;;Cari Kerja;LinkedIn;Sumatera Utara;1;0;0;0
30;Malang;Tidak;Excel;1;0;0;0;0;0;0;;Cari Kerja, Upskill, Networking, Switch Career;LinkedIn;Jawa Timur;1;1;1;1
31;Bekasi;Ya;Excel, Power BI, Looker Studio, Tableau;1;0;0;1;1;0;1;;Cari Kerja, Upskill, Networking, Switch Career;LinkedIn;Jawa Barat;1;1;1;1
32;Jakarta ;Tidak;Excel, SQL, Python, Databases;1;1;1;0;0;1;0;;Cari Kerja, Upskill, Networking, Switch Career;Teman;Jakarta;1;1;1;1
33;Sumatera selatan;Tidak;Excel, Looker Studio, Databases;1;0;0;0;1;1;0;;Upskill;LinkedIn;Sumatera Selatan;0;1;0;0
34;Bandung;Tidak;Excel, SQL, Python, Databases, Tableau;1;1;1;0;0;1;1;;Upskill, Networking;Teman;Jawa Barat;0;1;1;0
35;Surabaya;Tidak;SQL, Python, Power BI, Looker Studio;0;1;1;1;1;0;0;;Cari Kerja, Upskill, Networking;LinkedIn;Jawa Timur;1;1;1;0
36;Jakarta;Tidak;Excel, SQL, Python, Power BI, Databases, Tableau;1;1;1;1;0;1;1;;Cari Kerja, Upskill, Networking, Switch Career;Instagram;Jakarta;1;1;1;1
37;Medan;Ya;Excel, Python, Databases;1;0;1;0;0;1;0;;Cari Kerja, Upskill, Networking, Switch Career;Instagram;Sumatera Utara;1;1;1;1
38;Tangerang Selatan;Ya;Excel, SQL, Python, Power BI, Looker Studio, Databases, Tableau;1;1;1;1;1;1;1;;Cari Kerja, Upskill, Networking;LinkedIn;Banten;1;1;1;0
39;tangerang selatan;Tidak;SQL, Python, Power BI, Looker Studio, Databases, Tableau;0;1;1;1;1;1;1;;Upskill;LinkedIn;Banten;0;1;0;0
40;Makassar;Tidak;Excel, SQL, Python, Power BI, Looker Studio, Databases, Tableau;1;1;1;1;1;1;1;;Cari Kerja, Upskill, Networking, Switch Career;LinkedIn;Sulawesi Selatan;1;1;1;1
41;Serang;Tidak;Excel, SQL, Power BI, ;1;1;0;1;0;0;0;;Cari Kerja, Upskill, Switch Career;LinkedIn;Banten;1;1;0;1
42;Tangerang Selatan ;Ya;Excel, SQL, Python, Power BI, Looker Studio, Databases, Tableau;1;1;1;1;1;1;1;;Cari Kerja, Upskill, Networking;LinkedIn;Banten;1;1;1;0
43;Malang;Tidak;SQL, Python, Power BI, Databases, Tableau;0;1;1;1;0;1;1;;Upskill, Networking, Switch Career;LinkedIn;Jawa Timur;0;1;1;1
44;Jambi;Tidak;Excel, SQL, Python, Power BI, Looker Studio, Databases, Tableau;1;1;1;1;1;1;1;;Upskill, Networking, Switch Career;LinkedIn;Jambi;0;1;1;1
45;Bekasi;Ya;Excel, SQL, Python, Power BI, Looker Studio, Databases, Tableau;1;1;1;1;1;1;1;;Cari Kerja, Upskill, Networking;LinkedIn;Jawa Barat;1;1;1;0
46;Gresik;Tidak;SQL, Python, Power BI, Looker Studio, Databases, Tableau, Data analyst spesifik dunia sosial;0;1;1;1;1;1;1; Data analyst spesifik dunia sosial;Upskill, Networking, Switch Career;Teman;Jawa Timur;0;1;1;1
47;Jakarta ;Ya;Excel, SQL, Python, Power BI, Looker Studio, Databases, Tableau;1;1;1;1;1;1;1;;Cari Kerja, Upskill, Networking, Switch Career;LinkedIn;Jakarta;1;1;1;1
48;Purwokerto ;Ya;Looker Studio, Tableau;0;0;0;0;1;0;1;;Cari Kerja, Upskill, Networking;LinkedIn;Jawa Tengah;1;1;1;0
49;Malang;Ya;SQL, Python, Power BI, Looker Studio;0;1;1;1;1;0;0;;Networking;LinkedIn;Jawa Timur;0;0;1;0
50;Mojokerto;Ya;SQL, Python, Databases;0;1;1;0;0;1;0;;Upskill, Networking;Teman;Jawa Timur;0;1;1;0
51;Tangerang ;Ya;Excel, SQL, Python, Power BI, Looker Studio, Databases, Tableau;1;1;1;1;1;1;1;;Cari Kerja, Upskill;LinkedIn;Banten;1;1;0;0
52;Tangerang;Ya;Excel, SQL, Python, Power BI, Looker Studio, Databases, Tableau, Semua Tools Data Analyst;1;1;1;1;1;1;1; Semua Tools Data Analyst;Cari Kerja, Upskill, Networking;LinkedIn;Banten;1;1;1;0
53;Tangerang;Tidak;Excel, SQL, Python, Power BI, Looker Studio, Databases, Tableau;1;1;1;1;1;1;1;;Cari Kerja, Upskill, Networking;LinkedIn;Banten;1;1;1;0
54;Jakarta;Ya;Looker Studio, Databases, Tableau;0;0;0;0;1;1;1;;Upskill, Networking, Switch Career;LinkedIn;Jakarta;0;1;1;1
55;Palangkaraya Kalimantan Tengah ;Tidak;SQL;0;1;0;0;0;0;0;;Upskill, Networking, Switch Career;LinkedIn;Kalimatan Tengah;0;1;1;1
56;Jawa Tengah;Ya;Excel, SQL, Python, Tableau;1;1;1;0;0;0;1;;Cari Kerja;Teman;Jawa Tengah;1;0;0;0
57;Jember;Ya;Excel, SQL, Python, Databases, Tableau;1;1;1;0;0;1;1;;Cari Kerja, Upskill, Networking;LinkedIn;Jawa Timur;1;1;1;0
58;Jakarta;Tidak;Python, Power BI, Looker Studio, Databases, Tableau;0;0;1;1;1;1;1;;Upskill;LinkedIn;Jakarta;0;1;0;0
59;Bekasi;Tidak;ETL;0;0;0;0;0;0;0;ETL;Cari Kerja, Upskill, Networking;LinkedIn;Jawa Barat;1;1;1;0
60;Jakarta;Tidak;Hadoop, Hive Server;0;0;0;0;0;0;0;Hadoop, Hive Server;Upskill, Networking;LinkedIn;Jakarta;0;1;1;0
61;Jakarta Utara;Tidak;Tableau;0;0;0;0;0;0;1;;Networking;LinkedIn;Jakarta;0;0;1;0
62;surabaya;Tidak;SQL, Databases, Tableau;0;1;0;0;0;1;1;;Upskill;LinkedIn;Jawa Timur;0;1;0;0
63;Jakarta;Tidak;Excel, SQL, Power BI, Databases, Tableau;1;1;0;1;0;1;1;;Upskill, Networking;LinkedIn;Jakarta;0;1;1;0
64;Surabaya ;Ya;Excel, SQL, Python, Looker Studio, Databases;1;1;1;0;1;1;0;;Cari Kerja, Upskill, Networking, Switch Career;Teman;Jawa Timur;1;1;1;1
65;Tangerang;Ya;Python, Power BI, Looker Studio, Databases;0;0;1;1;1;1;0;;Cari Kerja, Upskill, Networking, Switch Career;LinkedIn;Banten;1;1;1;1
66;Sidoarjo ;Ya;SQL, Python, Power BI, Looker Studio, Databases, Tableau;0;1;1;1;1;1;1;;Cari Kerja, Upskill, Networking;LinkedIn;Jawa Timur;1;1;1;0
67;Surabaya;Ya;Excel, SQL, Python, Power BI, Looker Studio, Databases, Tableau;1;1;1;1;1;1;1;;Cari Kerja, Upskill, Networking;LinkedIn;Jawa Timur;1;1;1;0
68;Jakarta Selatan;Tidak;Excel, SQL, Python, Databases;1;1;1;0;0;1;0;;Upskill, Networking;LinkedIn;Jakarta;0;1;1;0
69;Bandung;Tidak;SQL, Python, Power BI, Databases;0;1;1;1;0;1;0;;Upskill, Networking;LinkedIn;Jawa Barat;0;1;1;0
70;Jakarta;Ya;Excel, SQL, Python, Looker Studio, Databases;1;1;1;0;1;1;0;;Upskill, Networking;LinkedIn;Jakarta;0;1;1;0
71;Bekasi;Tidak;Excel, SQL, Python, Power BI, Databases;1;1;1;1;0;1;0;;Cari Kerja, Upskill, Networking, Switch Career;LinkedIn;Jawa Barat;1;1;1;1
72;Palangkaraya;Ya;Excel, SQL, Python, Databases;1;1;1;0;0;1;0;;Upskill, Networking;Teman;Kalimantan Tengah ;0;1;1;0
73;Balikpapan;Tidak;Python, Power BI, Looker Studio, Databases;0;0;1;1;1;1;0;;Cari Kerja, Upskill, Networking;LinkedIn;Kalimantan Timur;1;1;1;0
74;PARINGIN;Tidak;Excel, SQL, Power BI, Databases;1;1;0;1;0;1;0;;Upskill, Networking;LinkedIn;Kalimantan Selatan;0;1;1;0
75;Medan;Tidak;SQL, Looker Studio;0;1;0;0;1;0;0;;Upskill;LinkedIn;Sumatera Utara;0;1;0;0
76;Jakarta selatan;Ya;Excel, SQL, Python, Power BI, Looker Studio, Databases, Tableau;1;1;1;1;1;1;1;;Cari Kerja, Upskill, Networking;Instagram;Jakarta;1;1;1;0
77;Bulukumba;Tidak;Excel, SQL, Python, Power BI, Tableau;1;1;1;1;0;0;1;;Cari Kerja;Teman;Sulawesi Selatan;1;0;0;0
78;Tulungagung;Ya;Excel, SQL, Python, Power BI, Looker Studio, Databases, Tableau;1;1;1;1;1;1;1;;Cari Kerja, Upskill, Networking;LinkedIn;Jawa Tengah;1;1;1;0
79;Yogyakarta ;Ya;Excel, SQL, Python, Power BI, Databases, Tableau;1;1;1;1;0;1;1;;Cari Kerja, Upskill, Networking;LinkedIn;DI Yogyakarta;1;1;1;0
80;Depok;Tidak;SQL, Python, Power BI, Looker Studio, Databases, Tableau;0;1;1;1;1;1;1;;Cari Kerja, Upskill, Networking;LinkedIn;Jawa Barat;1;1;1;0
81;Tanjung Enim, Sumatera Selatan;Tidak;Excel, SQL, Python, Power BI, Looker Studio, Databases, Tableau;1;1;1;1;1;1;1;;Cari Kerja, Upskill, Networking, Switch Career;Instagram;Sumatera Selatan;1;1;1;1
82;sangatta;Tidak;Excel, Python, Power BI, Databases;1;0;1;1;0;1;0;;Upskill;LinkedIn;Kalimantan Timur;0;1;0;0
83;Malang;Ya;Excel, SQL, Python, Power BI, Databases;1;1;1;1;0;1;0;;Cari Kerja, Upskill;LinkedIn;Jawa Timur;1;1;0;0
84;Jakarta Timur ;Ya;Excel, SQL, Python;1;1;1;0;0;0;0;;Cari Kerja, Upskill;LinkedIn;Jakarta;1;1;0;0
85;Surakarta;Ya;Excel, SQL, Python, Power BI, Tableau;1;1;1;1;0;0;1;;Upskill, Networking;LinkedIn;Jawa Tengah;0;1;1;0
86;Jakarta;Tidak;Excel, Looker Studio, Databases;1;0;0;0;1;1;0;;Switch Career;Instagram;Jakarta;0;0;0;1
87;Palembang;Tidak;SQL, Python, Power BI, Looker Studio, Tableau;0;1;1;1;1;0;1;;Cari Kerja, Networking, Switch Career;Instagram;Sumatera Selatan;1;0;1;1
88;Lampung;Ya;Excel, SQL, Python, Power BI, Looker Studio, Databases, Tableau;1;1;1;1;1;1;1;;Cari Kerja, Upskill, Networking;LinkedIn;Lampung;1;1;1;0
89;DKI Jakarta;Ya;SQL, Python, Power BI, Tableau;0;1;1;1;0;0;1;;Upskill, Networking, Switch Career;LinkedIn;Jakarta;0;1;1;1
90;Kudus;Tidak;Excel, SQL, Python, Power BI, Looker Studio, Databases, Tableau;1;1;1;1;1;1;1;;Cari Kerja, Upskill, Networking, Switch Career;LinkedIn;Jawa Tengah;1;1;1;1
91;Malang, Jawa Timur;Ya;Excel, SQL, Python, Power BI, Looker Studio, Databases, Tableau;1;1;1;1;1;1;1;;Cari Kerja, Upskill, Networking;Teman;Jawa Timur;1;1;1;0
92;Jakarta Selatan;Ya;Excel, SQL, Python, Power BI, Looker Studio, Databases, Tableau;1;1;1;1;1;1;1;;Cari Kerja, Upskill;LinkedIn;Jakarta;1;1;0;0
93;Tangerang;Ya;Excel, Python, Power BI, Databases;1;0;1;1;0;1;0;;Upskill, Networking;Instagram;Banten;0;1;1;0
94;Semarang;Ya;Excel, SQL, Python, Power BI, Looker Studio, Databases, Tableau;1;1;1;1;1;1;1;;Cari Kerja, Upskill, Networking;Teman;Jawa Tengah;1;1;1;0
95;Banyumas;Ya;Excel, SQL, Python, Power BI, Looker Studio, Databases, Tableau;1;1;1;1;1;1;1;;Cari Kerja, Upskill, Networking;LinkedIn;Jawa Tengah;1;1;1;0
96;Bengkulu;Tidak;Excel, SQL, Python;1;1;1;0;0;0;0;;Upskill, Switch Career;LinkedIn;Bengkulu;0;1;0;1
97;Tangerang;Tidak;Excel, SQL, Python, Looker Studio;1;1;1;0;1;0;0;;Upskill, Switch Career;LinkedIn;Banten;0;1;0;1
98;Lampung;Ya;SQL, Python, Power BI, Tableau;0;1;1;1;0;0;1;;Cari Kerja, Upskill;LinkedIn;Lampung;1;1;0;0
99;Batam;Ya;Excel, SQL, Python, Power BI, Tableau;1;1;1;1;0;0;1;;Cari Kerja, Networking;Instagram;Riau;1;0;1;0
100;Jakarta;Tidak;SQL, Python, Databases, Tableau;0;1;1;0;0;1;1;;Upskill;LinkedIn;Jakarta;0;1;0;0
101;Jakarta Selatan;Tidak;SQL, Power BI, Tableau;0;1;0;1;0;0;1;;Upskill, Networking;LinkedIn;Jakarta;0;1;1;0
102;Medan;Tidak;Excel, SQL, Tableau;1;1;0;0;0;0;1;;Upskill, Switch Career;LinkedIn;Sumatera Utara;0;1;0;1
103;Makassar;Ya;SQL, Python, Databases, Tableau;0;1;1;0;0;1;1;;Cari Kerja, Upskill, Networking;Teman;Sulawesi Selatan;1;1;1;0
104;Brebes;Ya;Excel, SQL, Python, Power BI, Looker Studio, Databases, Tableau;1;1;1;1;1;1;1;;Cari Kerja, Upskill, Networking;Teman;Jawa Tengah;1;1;1;0
105;Kediri;Ya;Excel, SQL, Python, Power BI, Looker Studio, Databases, ;1;1;1;1;1;1;0;;Cari Kerja, Upskill, Networking, Switch Career;Instagram;Jawa Timur;1;1;1;1
106;JAKARTA SELATAN ;Tidak;Excel, SQL, Python, Power BI, Looker Studio, Databases, Tableau;1;1;1;1;1;1;1;;Cari Kerja, Upskill, Networking, Switch Career;LinkedIn;Jakarta;1;1;1;1
107;Jakarta selatan ;Tidak;Excel, SQL, Python, Power BI, Looker Studio, Databases, Tableau, Skill komunikasi ;1;1;1;1;1;1;1; Skill komunikasi;Cari Kerja, Upskill, Networking, Switch Career;LinkedIn;Jakarta;1;1;1;1
108;Yogyakarta ;Ya;Excel, SQL, Python, Power BI, Looker Studio, Databases, Tableau;1;1;1;1;1;1;1;;Cari Kerja, Upskill, Networking;LinkedIn;DI Yogyakarta;1;1;1;0
109;Bekasi;Ya;Excel, SQL, Python, Power BI, Looker Studio, Databases, Tableau;1;1;1;1;1;1;1;;Cari Kerja, Upskill, Networking;LinkedIn;Jawa Barat;1;1;1;0
110;Bogor;Ya;Excel, SQL, Python, Power BI;1;1;1;1;0;0;0;;Cari Kerja, Upskill;LinkedIn;Jawa Barat;1;1;0;0
111;Padang;Ya;SQL, Power BI, Looker Studio, Databases;0;1;0;1;1;1;0;;Cari Kerja, Upskill, Networking;LinkedIn;Sumatera Barat;1;1;1;0
112;Makassar;Tidak;Excel, SQL, Python, Power BI, Looker Studio, Databases, Tableau;1;1;1;1;1;1;1;;Cari Kerja, Upskill, Networking, Switch Career;LinkedIn;Sulawesi Selatan;1;1;1;1
113;Riau;Tidak;Excel, Power BI, Databases;1;0;0;1;0;1;0;;Upskill, Switch Career;LinkedIn;Riau;0;1;0;1
114;Purwakarta;Ya;Excel, SQL, Python, Power BI, Looker Studio, Databases, Tableau;1;1;1;1;1;1;1;;Cari Kerja, Upskill;LinkedIn;Jawa Barat;1;1;0;0
115;Klaten;Ya;Excel, SQL, Databases;1;1;0;0;0;1;0;;Cari Kerja, Upskill, Networking;Teman;Jawa Tengah;1;1;1;0
116;Tangerang;Tidak;SQL, Python;0;1;1;0;0;0;0;;Cari Kerja, Upskill;Teman;Banten;1;1;0;0
117;Malang;Ya;Excel, SQL, Python, Power BI, Looker Studio, Databases, Tableau;1;1;1;1;1;1;1;;Cari Kerja, Upskill, Networking;LinkedIn;Jawa Timur;1;1;1;0
118;Malang;Ya;Excel, SQL, Python, Power BI, Looker Studio, Databases, Tableau;1;1;1;1;1;1;1;;Cari Kerja, Upskill, Networking;Instagram;Jawa Timur;1;1;1;0
119;pontianak;Ya;Excel, SQL, Python, Power BI, Looker Studio, Databases, Tableau;1;1;1;1;1;1;1;;Upskill;LinkedIn;Kalimantan Barat;0;1;0;0
120;pontianak;Ya;Excel, SQL, Python, Power BI, Tableau;1;1;1;1;0;0;1;;Cari Kerja, Upskill;LinkedIn;Kalimantan Barat;1;1;0;0
121;Sidoarjo;Tidak;Excel, Power BI, Looker Studio, Tableau;1;0;0;1;1;0;1;;Upskill;LinkedIn;Jawa Timur;0;1;0;0
122;Jakarta Utara;Tidak;Excel, Power BI, Databases;1;0;0;1;0;1;0;;Cari Kerja, Upskill, Networking, Switch Career;LinkedIn;Jakarta;1;1;1;1
123;Ciamis;Ya;Excel, SQL, Power BI, Looker Studio, Databases, Tableau;1;1;0;1;1;1;1;;Cari Kerja, Upskill, Networking;LinkedIn;Jawa Barat;1;1;1;0
124;Jakarta;Tidak;Excel, SQL, Python, Power BI, Looker Studio, Databases, Tableau;1;1;1;1;1;1;1;;Cari Kerja, Upskill, Networking, Switch Career;LinkedIn;Jakarta;1;1;1;1
125;Cilegon;Tidak;SQL, Python, Databases;0;1;1;0;0;1;0;;Upskill, Networking;LinkedIn;Banten;0;1;1;0
126;Tangerang;Tidak;Excel, Power BI, Looker Studio;1;0;0;1;1;0;0;;Upskill, Networking;LinkedIn;Banten;0;1;1;0
127;Jakarta;Tidak;Excel, SQL, Python, Power BI, Looker Studio, Databases, Tableau, Machine learning & AI;1;1;1;1;1;1;1; Machine learning & AI;Upskill, Networking;Teman;Jakarta;0;1;1;0
128;Yogyakarta;Tidak;Excel, SQL, Python, Power BI, Looker Studio, Databases, Tableau;1;1;1;1;1;1;1;;Upskill;LinkedIn;DI Yogyakarta;0;1;0;0
129;Jakarta Selatan ;Ya;Excel, SQL, Python, Power BI, Looker Studio, Databases, Tableau;1;1;1;1;1;1;1;;Cari Kerja, Networking, Switch Career;LinkedIn;Jakarta;1;0;1;1
130;Makassar;Ya;Excel, SQL, Python, Databases;1;1;1;0;0;1;0;;Cari Kerja;Instagram;Sulawesi Selatan;1;0;0;0
131;Yogyakarta;Ya;Excel, SQL, Python, Power BI, Looker Studio, Databases, Tableau;1;1;1;1;1;1;1;;Cari Kerja, Upskill, Networking;LinkedIn;DI Yogyakarta;1;1;1;0
132;Bandung;Ya;Excel, SQL, Python, Power BI, Looker Studio, Databases, Tableau;1;1;1;1;1;1;1;;Cari Kerja, Upskill;LinkedIn;Jawa Barat;1;1;0;0
133;Bogor;Ya;SQL, Python, Power BI, Looker Studio, Databases, Tableau;0;1;1;1;1;1;1;;Cari Kerja, Upskill, Networking;LinkedIn;Jawa Barat;1;1;1;0
134;Probolinggo ;Tidak;Excel, SQL, Power BI;1;1;0;1;0;0;0;;Upskill, Networking;LinkedIn;Jawa Timur;0;1;1;0
135;Grobogan;Ya;SQL, Python;0;1;1;0;0;0;0;;Upskill, Switch Career;LinkedIn;Jawa Tengah;0;1;0;1
136;Bekasi;Ya;Excel, SQL, Python, Power BI, Databases, Tableau;1;1;1;1;0;1;1;;Cari Kerja, Upskill, Networking;Teman;Jawa Barat;1;1;1;0
137;Semarang;Ya;Excel, SQL, Python, Power BI, Looker Studio, Databases, Tableau;1;1;1;1;1;1;1;;Cari Kerja, Upskill, Networking, Switch Career;LinkedIn;Jawa Tengah;1;1;1;1
138;Semarang;Ya;Excel, SQL, Python;1;1;1;0;0;0;0;;Cari Kerja, Upskill, Networking;LinkedIn;Jawa Tengah;1;1;1;0
139;Jakarta;Ya;SQL, Python, Power BI, Tableau;0;1;1;1;0;0;1;;Upskill, Networking;LinkedIn;Jakarta;0;1;1;0
140;Bekasi Jawa Barat;Tidak;Excel, SQL, Databases;1;1;0;0;0;1;0;;Cari Kerja, Upskill, Networking, Switch Career;Teman;Belum ada mapping;1;1;1;1
141;Wonogiri;Ya;Excel, SQL, Python, Power BI, Looker Studio, Databases, Tableau;1;1;1;1;1;1;1;;Cari Kerja, Upskill, Networking, Switch Career;Teman;Jawa Tengah;1;1;1;1
142;Depok Jawa Barat;Tidak;Excel, SQL, Python, Power BI, Looker Studio;1;1;1;1;1;0;0;;Cari Kerja, Upskill, Networking, Switch Career;LinkedIn;Jawa Barat;1;1;1;1
143;Jambi;Ya;Excel;1;0;0;0;0;0;0;;Cari Kerja, Upskill, Networking;LinkedIn;Jambi;1;1;1;0
144;Jakarta Timur;Ya;Excel, SQL, Python, Power BI, Looker Studio, Databases, Tableau;1;1;1;1;1;1;1;;Cari Kerja, Upskill, Networking;LinkedIn;Jakarta;1;1;1;0
145;Purwakarta;Ya;Power BI, Apache Airflow;0;0;0;1;0;0;0;Apache Airflow;Cari Kerja, Upskill, Networking;LinkedIn;Jawa Barat;1;1;1;0
146;Bogor;Ya;Excel, SQL, Python, Power BI, Looker Studio, Databases, Tableau;1;1;1;1;1;1;1;;Cari Kerja, Upskill, Networking, Switch Career;LinkedIn;Jawa Barat;1;1;1;1
147;Surabaya;Ya;Excel, SQL, Python, Power BI, Databases, Tableau;1;1;1;1;0;1;1;;Cari Kerja, Upskill;LinkedIn;Jawa Timur;1;1;0;0
148;Jakarta Utara;Tidak;SQL, Python, Power BI, Looker Studio, Databases;0;1;1;1;1;1;0;;Cari Kerja, Upskill, Networking, Switch Career;LinkedIn;Jakarta;1;1;1;1
149;Tangerang;Ya;Power BI, Looker Studio, Databases, Tableau;0;0;0;1;1;1;1;;Upskill, Networking;LinkedIn;Banten;0;1;1;0
150;Jakarta Timur;Ya;Excel, SQL, Python, Power BI, Looker Studio, Databases, Tableau;1;1;1;1;1;1;1;;Cari Kerja, Upskill, Networking;LinkedIn;Jakarta;1;1;1;0
151;Jakarta;Tidak;SQL, Python, Power BI, Databases, Tableau;0;1;1;1;0;1;1;;Upskill, Networking, Switch Career;LinkedIn;Jakarta;0;1;1;1
152;Bogor;Tidak;Excel, SQL, Python, Power BI, Looker Studio, Databases, Tableau;1;1;1;1;1;1;1;;Cari Kerja, Upskill, Networking;Teman;Jawa Barat;1;1;1;0
153;mojokerto ;Ya;Excel, SQL, Python, Power BI, Looker Studio, Databases, Tableau;1;1;1;1;1;1;1;;Cari Kerja, Upskill, Networking;Teman;Jawa Timur;1;1;1;0
154;Subang ;Ya;Excel;1;0;0;0;0;0;0;;Upskill;LinkedIn;Jawa Barat;0;1;0;0
155;Medan;Ya;SQL, Python, Power BI, Tableau;0;1;1;1;0;0;1;;Cari Kerja, Upskill, Networking;LinkedIn;Sumatera Utara;1;1;1;0
156;Lampung;Ya;Power BI, Tableau;0;0;0;1;0;0;1;;Cari Kerja, Upskill, Networking;LinkedIn;Lampung;1;1;1;0
157;Jember;Ya;Power BI, Looker Studio, Tableau;0;0;0;1;1;0;1;;Cari Kerja, Networking, Switch Career;LinkedIn;Jawa Timur;1;0;1;1
158;Bogor;Tidak;Excel, SQL, Python, Databases, Tableau;1;1;1;0;0;1;1;;Upskill, Networking, Switch Career;LinkedIn;Jawa Barat;0;1;1;1
159;Bandung ;Ya;SQL;0;1;0;0;0;0;0;;Upskill;LinkedIn;Jawa Barat;0;1;0;0
160;Bogor;Tidak;Excel, SQL, Python, Power BI, Databases, Tableau;1;1;1;1;0;1;1;;Cari Kerja, Upskill, Networking;LinkedIn;Jawa Barat;1;1;1;0
161;Jakarta;Tidak;Excel, SQL, Python, Power BI, Looker Studio, Databases, Tableau;1;1;1;1;1;1;1;;Cari Kerja, Upskill, Networking, Switch Career;LinkedIn;Jakarta;1;1;1;1
162;Bogor;Tidak;Python, Power BI;0;0;1;1;0;0;0;;Cari Kerja, Networking;LinkedIn;Jawa Barat;1;0;1;0
163;Yogyakarta ;Tidak;Excel, SQL, Python, Power BI, Looker Studio, Databases, Tableau;1;1;1;1;1;1;1;;Upskill, Networking;LinkedIn;DI Yogyakarta;0;1;1;0
164;Bekasi;Tidak;Excel, SQL, Power BI, Tableau;1;1;0;1;0;0;1;;Upskill, Networking;Instagram;Jawa Barat;0;1;1;0
165;Bogor;Ya;Excel, SQL, Python, Databases;1;1;1;0;0;1;0;;Cari Kerja, Upskill, Switch Career;LinkedIn;Jawa Barat;1;1;0;1
166;Jakarta Barat;Tidak;SQL, Power BI, Tableau;0;1;0;1;0;0;1;;Upskill, Networking, Switch Career;Instagram;Jakarta;0;1;1;1
167;Surabaya;Ya;SQL, Looker Studio, Databases, Tableau;0;1;0;0;1;1;1;;Cari Kerja, Upskill, Networking;LinkedIn;Jawa Timur;1;1;1;0
168;Bogor;Ya;Excel, SQL, Python, Power BI, Looker Studio, Databases, Tableau;1;1;1;1;1;1;1;;Cari Kerja, Upskill, Networking;Instagram;Jawa Barat;1;1;1;0
169;Banyumas;Ya;Excel, SQL, Python, Power BI, Databases;1;1;1;1;0;1;0;;Cari Kerja, Upskill, Networking;LinkedIn;Jawa Tengah;1;1;1;0
170;Semarang;Ya;Excel, SQL, Python, Power BI, Looker Studio, Databases, Tableau;1;1;1;1;1;1;1;;Cari Kerja, Upskill, Networking;LinkedIn;Jawa Tengah;1;1;1;0
171;Jaksel;Ya;Excel, SQL, Python, Power BI, Looker Studio, Databases, Tableau;1;1;1;1;1;1;1;;Cari Kerja, Upskill, Networking, Switch Career;Teman;Jakarta;1;1;1;1
172;Jakarta;Tidak;Excel, SQL, Python, Power BI, Looker Studio, Databases, Tableau;1;1;1;1;1;1;1;;Networking;LinkedIn;Jakarta;0;0;1;0
173;Tulungagung, Jawa Timur;Ya;Excel, SQL, Python, Power BI, Databases;1;1;1;1;0;1;0;;Cari Kerja;LinkedIn;Jawa Tengah;1;0;0;0
174;Sumatera Utara ;Ya;Excel, SQL, Python, Power BI, Looker Studio, Databases, Tableau;1;1;1;1;1;1;1;;Cari Kerja, Upskill, Networking, Switch Career;Teman;Sumatera Utara;1;1;1;1
175;Jakarta;Tidak;Excel, SQL, Python, Power BI, Looker Studio, Databases, Tableau;1;1;1;1;1;1;1;;Upskill, Networking, Switch Career;Instagram;Jakarta;0;1;1;1
176;kalimantan timur;Tidak;SQL, Python, Power BI, Looker Studio, Databases;0;1;1;1;1;1;0;;Upskill;LinkedIn;Kalimantan Timur;0;1;0;0
177;Surakarta;Tidak;Excel, SQL, Python, Power BI, Looker Studio, Databases, Tableau;1;1;1;1;1;1;1;;Switch Career;LinkedIn;Jawa Tengah;0;0;0;1
178;Kota Depok;Ya;Excel, Python, Power BI;1;0;1;1;0;0;0;;Upskill, Networking;LinkedIn;Jawa Barat;0;1;1;0
179;Bandung;Tidak;Excel, SQL, Python, Power BI, Looker Studio, Databases, Tableau;1;1;1;1;1;1;1;;Cari Kerja, Upskill, Networking;LinkedIn;Jawa Barat;1;1;1;0
180;Belitung;Ya;Excel, SQL, Python, Power BI, Looker Studio, Tableau;1;1;1;1;1;0;1;;Upskill, Networking;LinkedIn;Bangka  Belitung;0;1;1;0
181;Cirebon;Ya;Power BI, Looker Studio, Tableau;0;0;0;1;1;0;1;;Cari Kerja, Upskill;LinkedIn;Jawa Barat;1;1;0;0
182;Surabaya;Ya;Excel, SQL, Python, Power BI, Looker Studio, Tableau;1;1;1;1;1;0;1;;Cari Kerja, Upskill, Networking;Teman;Jawa Timur;1;1;1;0
183;Riau;Ya;SQL, Power BI, Looker Studio;0;1;0;1;1;0;0;;Cari Kerja, Upskill, Networking, Switch Career;Instagram;Riau;1;1;1;1
184;Bekasi;Ya;Excel, SQL, Python, Power BI, Looker Studio, Databases, Tableau;1;1;1;1;1;1;1;;Cari Kerja;Instagram;Jawa Barat;1;0;0;0
185;Bandung;Ya;Excel, SQL, Python, Power BI, Looker Studio, Databases, Tableau, Bahasa pemrograman R;1;1;1;1;1;1;1; Bahasa pemrograman R;Cari Kerja, Upskill;LinkedIn;Jawa Barat;1;1;0;0
186;Bekasi;Ya;Excel, SQL, Python, Power BI, Looker Studio, Databases, Tableau;1;1;1;1;1;1;1;;Cari Kerja, Upskill, Networking;LinkedIn;Jawa Barat;1;1;1;0
187;Jakarta;Tidak;Excel, SQL, Python, Power BI, Looker Studio, Databases, Tableau, PostgreSQL;1;1;1;1;1;1;1; Postgre;Cari Kerja, Upskill, Networking, Switch Career;LinkedIn;Jakarta;1;1;1;1
188;Balikpapan;Tidak;Excel, SQL, Python, Databases;1;1;1;0;0;1;0;;Upskill, Networking, Switch Career;Instagram;Kalimantan Timur;0;1;1;1
189;Depok;Tidak;Excel, Databases, Tableau;1;0;0;0;0;1;1;;Upskill, Switch Career;LinkedIn;Jawa Barat;0;1;0;1
190;Sidoarjo;Ya;Excel, SQL, Python, Power BI, Databases, Tableau;1;1;1;1;0;1;1;;Cari Kerja, Upskill, Networking, Switch Career;LinkedIn;Jawa Timur;1;1;1;1
191;Tangerang;Ya;Excel, SQL, Python, Power BI;1;1;1;1;0;0;0;;Switch Career;LinkedIn;Banten;0;0;0;1
192;Yogyakarta;Ya;Excel;1;0;0;0;0;0;0;;Cari Kerja, Upskill, Switch Career;Instagram;DI Yogyakarta;1;1;0;1
193;Jakarta;Tidak;Python, Power BI, Looker Studio, Databases, Tableau;0;0;1;1;1;1;1;;Cari Kerja, Upskill, Switch Career;LinkedIn;Jakarta;1;1;0;1
194;Sumatera Utara ;Ya;Excel, SQL, Python, Power BI, Looker Studio, Databases, Tableau, ;1;1;1;1;1;1;1;;Cari Kerja, Upskill, Networking, Switch Career;LinkedIn;Sumatera Utara;1;1;1;1
195;Sidoarjo, Jawa Timur;Ya;Excel, SQL, Python, Power BI, Looker Studio, Databases, Tableau;1;1;1;1;1;1;1;;Cari Kerja, Networking;LinkedIn;Jawa Timur;1;0;1;0
196;Yogyakarta;Ya;Excel, SQL, Python, Power BI, Databases;1;1;1;1;0;1;0;;Upskill;LinkedIn;DI Yogyakarta;0;1;0;0
197;Magelang ;Ya;Excel, Databases;1;0;0;0;0;1;0;;Upskill, Networking;Teman;Jawa Tengah;0;1;1;0
198;Kendal;Ya;Excel, SQL, Python, Power BI, Looker Studio, Databases, Tableau;1;1;1;1;1;1;1;;Cari Kerja, Upskill, Networking;LinkedIn;Jawa Tengah;1;1;1;0
199;Bogor;Tidak;Python, Power BI, Looker Studio;0;0;1;1;1;0;0;;Upskill, Networking;LinkedIn;Jawa Barat;0;1;1;0
200;Jakarta;Tidak;Excel, SQL, Python, Power BI, Databases, Tableau;1;1;1;1;0;1;1;;Cari Kerja, Upskill, Networking, Switch Career;LinkedIn;Jakarta;1;1;1;1
201;Pekanbaru;Ya;Excel, SQL, Python, Power BI, Databases, Tableau;1;1;1;1;0;1;1;;Upskill;Instagram;Riau;0;1;0;0
202;Jakarta;Tidak;Excel, SQL, Python, Looker Studio;1;1;1;0;1;0;0;;Cari Kerja, Networking, Switch Career;LinkedIn;Jakarta;1;0;1;1
203;Malang;Ya;Excel, SQL, Python, Power BI, Looker Studio, Databases, Tableau, big data;1;1;1;1;1;1;1; big data;Cari Kerja;Instagram;Jawa Timur;1;0;0;0
204;Mojokerto;Ya;Excel, SQL, Python;1;1;1;0;0;0;0;;Cari Kerja, Upskill;LinkedIn;Jawa Timur;1;1;0;0
205;Kab. Tangerang;Ya;Excel, SQL, Python, Power BI, Looker Studio, Databases, Tableau;1;1;1;1;1;1;1;;Cari Kerja, Upskill, Networking, Switch Career;LinkedIn;Banten;1;1;1;1
206;Denpasar;Tidak;Excel, SQL, Python, Power BI, Looker Studio, Databases, Tableau;1;1;1;1;1;1;1;;Cari Kerja, Upskill, Networking, Switch Career;LinkedIn;Bali;1;1;1;1
207;Tulungagung;Ya;Power BI, Databases, Tableau;0;0;0;1;0;1;1;;Cari Kerja, Upskill;LinkedIn;Jawa Tengah;1;1;0;0
208;Kota Depok;Tidak;Python, Databases, Tableau;0;0;1;0;0;1;1;;Cari Kerja, Upskill, Networking;LinkedIn;Jawa Barat;1;1;1;0
209;Yogyakarta;Ya;SQL, Python, Power BI, Looker Studio, Tableau;0;1;1;1;1;0;1;;Cari Kerja, Upskill, Networking, Switch Career;LinkedIn;DI Yogyakarta;1;1;1;1
210;Depok Jawa Barat;Tidak;Excel, SQL, Power BI;1;1;0;1;0;0;0;;Cari Kerja, Upskill, Networking;Teman;Jawa Barat;1;1;1;0
211;Cirebon;Ya;SQL, Python, Databases;0;1;1;0;0;1;0;;Cari Kerja, Switch Career;LinkedIn;Jawa Barat;1;0;0;1
212;Karawang ;Ya;SQL, Python;0;1;1;0;0;0;0;;Cari Kerja, Upskill, Networking, Switch Career;LinkedIn;Jawa Barat;1;1;1;1
213;Bandung;Ya;SQL, Python, Power BI, Databases;0;1;1;1;0;1;0;;Cari Kerja, Upskill, Networking;Teman;Jawa Barat;1;1;1;0
214;Jakarta;Tidak;Excel, SQL, Python, Power BI, Looker Studio, Databases, Tableau, Di awal ingin Excel terlebih dahulu ;1;1;1;1;1;1;1; Di awal ingin terlebih dahulu;Cari Kerja, Upskill, Networking, Switch Career;Teman;Jakarta;1;1;1;1
215;Surakarta;Ya;Excel, SQL, Python, Power BI, Looker Studio, Databases, Tableau;1;1;1;1;1;1;1;;Cari Kerja, Upskill, Networking;LinkedIn;Jawa Tengah;1;1;1;0
216;Depok;Ya;Excel, SQL, Python, Power BI, Looker Studio, Databases, Tableau;1;1;1;1;1;1;1;;Cari Kerja, Upskill, Networking, Switch Career;LinkedIn;Jawa Barat;1;1;1;1
217;Depok;Ya;Excel, SQL, Python, Power BI, Looker Studio, Databases, Tableau;1;1;1;1;1;1;1;;Cari Kerja, Upskill, Networking, Switch Career;LinkedIn;Jawa Barat;1;1;1;1
218;Bandung ;Ya;Excel;1;0;0;0;0;0;0;;Upskill;LinkedIn;Jawa Barat;0;1;0;0
219;Tangerang;Ya;Python, Power BI, Tableau;0;0;1;1;0;0;1;;Upskill;Instagram;Banten;0;1;0;0
220;Bekasi;Tidak;semua;0;0;0;0;0;0;0;semua;Upskill, Networking;LinkedIn;Jawa Barat;0;1;1;0
221;Bekasi;Tidak;Python, Power BI, Databases;0;0;1;1;0;1;0;;Cari Kerja, Networking;LinkedIn;Jawa Barat;1;0;1;0
222;Karawang;Ya;Excel, SQL, Python, Power BI, Looker Studio, Tableau;1;1;1;1;1;0;1;;Upskill, Networking;Teman;Jawa Barat;0;1;1;0
223;Jakarta Selatan;Tidak;Python, Pipilene automation;0;0;1;0;0;0;0;Pipilene automation;Upskill, Networking;Teman;Jakarta;0;1;1;0
224;Tuban, east java;Tidak;Excel, SQL, Python, Power BI, Looker Studio, Databases, Tableau;1;1;1;1;1;1;1;;Cari Kerja, Upskill, Networking, Switch Career;LinkedIn;Jawa Timur;1;1;1;1
225;Surabaya ;Ya;Excel, SQL, Power BI, Tableau;1;1;0;1;0;0;1;;Cari Kerja, Upskill;LinkedIn;Jawa Timur;1;1;0;0
226;Gresik;Tidak;Excel;1;0;0;0;0;0;0;;Upskill;LinkedIn;Jawa Timur;0;1;0;0
227;Jatinangor;Ya;Excel, SQL, Python, Power BI, Looker Studio, Databases, Tableau;1;1;1;1;1;1;1;;Upskill;LinkedIn;Jawa Barat;0;1;0;0
228;Jakarta;Ya;Excel, SQL, Python, Power BI, Looker Studio, Databases, Tableau;1;1;1;1;1;1;1;;Cari Kerja, Upskill, Networking, Switch Career;Instagram;Jakarta;1;1;1;1
229;Bandung;Tidak;Excel, Python, Power BI, Looker Studio, Tableau;1;0;1;1;1;0;1;;Upskill, Networking, Switch Career;Instagram;Jawa Barat;0;1;1;1
230;Bandung;Ya;Excel, SQL, Python, Power BI, Looker Studio, Databases, Tableau;1;1;1;1;1;1;1;;Cari Kerja, Upskill, Networking, Switch Career;LinkedIn;Jawa Barat;1;1;1;1
231;Jakarta;Tidak;SQL, Python, Databases;0;1;1;0;0;1;0;;Cari Kerja, Upskill, Networking, Switch Career;Teman;Jakarta;1;1;1;1
232;Sulawesi Tengah;Ya;Excel, SQL, Power BI, Databases, Tableau, R Studio;1;1;0;1;0;1;1; R Studio;Upskill, Networking;LinkedIn;Sulawesi Tengah;0;1;1;0
233;Bandung;Tidak;Excel, SQL, Python, Databases, Tableau;1;1;1;0;0;1;1;;Cari Kerja, Upskill, Networking, Switch Career;Teman;Jawa Barat;1;1;1;1
234;Bandung;Tidak;Excel, SQL, Python, Power BI, Looker Studio, Databases, Tableau;1;1;1;1;1;1;1;;Cari Kerja, Upskill, Networking, Switch Career;LinkedIn;Jawa Barat;1;1;1;1
235;Bogor;Ya;Excel, SQL, Python, Power BI, Looker Studio, Databases, Tableau;1;1;1;1;1;1;1;;Cari Kerja, Upskill, Networking;LinkedIn;Jawa Barat;1;1;1;0
236;Tasikmalaya ;Ya;SQL, Power BI, Databases;0;1;0;1;0;1;0;;Cari Kerja, Upskill, Networking, Switch Career;LinkedIn;Jawa Barat;1;1;1;1
237;Bogor;Ya;Excel, SQL, Python, Power BI, Looker Studio, Databases, Tableau;1;1;1;1;1;1;1;;Cari Kerja, Upskill, Networking;LinkedIn;Jawa Barat;1;1;1;0
238;Bandung;Ya;Python, Power BI, Databases;0;0;1;1;0;1;0;;Cari Kerja, Upskill, Networking, Switch Career;LinkedIn;Jawa Barat;1;1;1;1
239;Surabaya ;Tidak;Python, Power BI, Looker Studio, Tableau;0;0;1;1;1;0;1;;Upskill, Networking, Switch Career;LinkedIn;Jawa Timur;0;1;1;1
240;Surabaya ;Tidak;Excel, SQL, Python, Power BI, Looker Studio, Databases, Tableau;1;1;1;1;1;1;1;;Upskill, Networking, Switch Career;LinkedIn;Jawa Timur;0;1;1;1
241;Tangerang;Ya;Excel, SQL, Python;1;1;1;0;0;0;0;;Upskill, Networking;LinkedIn;Banten;0;1;1;0
242;Semarang;Ya;Excel, SQL, Python, Databases;1;1;1;0;0;1;0;;Cari Kerja, Upskill, Networking;LinkedIn;Jawa Tengah;1;1;1;0
243;Bekasi;Ya;Excel, SQL, Python, Power BI, Looker Studio, Databases, Tableau;1;1;1;1;1;1;1;;Cari Kerja, Upskill, Networking;LinkedIn;Jawa Barat;1;1;1;0
244;Semarang;Ya;Excel, SQL, Python, Power BI, Looker Studio, Tableau;1;1;1;1;1;0;1;;Cari Kerja, Upskill, Networking;LinkedIn;Jawa Tengah;1;1;1;0
245;Gresik;Tidak;SQL, Power BI, Looker Studio, Databases;0;1;0;1;1;1;0;;Upskill, Networking;LinkedIn;Jawa Timur;0;1;1;0
246;Bekasi;Ya;Excel, SQL, Python, Power BI, Looker Studio, Databases, Tableau;1;1;1;1;1;1;1;;Cari Kerja, Upskill, Networking;LinkedIn;Jawa Barat;1;1;1;0
247;Yogyakarta;Ya;Excel, Python, Looker Studio;1;0;1;0;1;0;0;;Cari Kerja, Upskill;LinkedIn;DI Yogyakarta;1;1;0;0
248;Medan, Sumatera Utara;Ya;Excel, SQL, Python, Power BI, Looker Studio, Databases, Tableau;1;1;1;1;1;1;1;;Cari Kerja, Upskill, Networking;LinkedIn;Sumatera Utara;1;1;1;0
249;Medan;Ya;Excel, SQL, Python, Power BI, Looker Studio, Databases, Tableau;1;1;1;1;1;1;1;;Cari Kerja, Upskill, Networking;LinkedIn;Sumatera Utara;1;1;1;0
250;Semarang;Ya;SQL, Python, Power BI, Tableau;0;1;1;1;0;0;1;;Upskill;LinkedIn;Jawa Tengah;0;1;0;0
251;Jakarta;Ya;Excel, SQL, Python, Power BI, Looker Studio, Databases, Tableau;1;1;1;1;1;1;1;;Cari Kerja, Upskill;LinkedIn;Jakarta;1;1;0;0
252;Padang;Ya;Excel, Python, Looker Studio, Databases, Tableau;1;0;1;0;1;1;1;;Upskill, Networking, Switch Career;LinkedIn;Sumatera Barat;0;1;1;1
253;Jawa Timur;Tidak;Excel, SQL, Python, Power BI, Looker Studio, Databases, Tableau;1;1;1;1;1;1;1;;Upskill;LinkedIn;Jawa Timur;0;1;0;0
254;Surakarta;Tidak;SQL, Python, Power BI, Looker Studio, Databases, Tableau;0;1;1;1;1;1;1;;Switch Career;LinkedIn;Jawa Tengah;0;0;0;1
255;Bogor;Ya;Excel, SQL, Python, Power BI, Looker Studio, Databases, Tableau;1;1;1;1;1;1;1;;Cari Kerja, Upskill, Networking;Teman;Jawa Barat;1;1;1;0
256;Bogor;Ya;Excel, SQL, Python, Power BI, Looker Studio, Tableau, Google Colab;1;1;1;1;1;0;1; Google Colab;Cari Kerja, Upskill, Networking;Instagram;Jawa Barat;1;1;1;0
257;Surabaya;Ya;Excel, SQL, Python, Power BI, Looker Studio, Databases, Tableau;1;1;1;1;1;1;1;;Cari Kerja, Upskill, Networking;Teman;Jawa Timur;1;1;1;0
258;Sukabumi;Tidak;Excel, SQL, Python, Power BI, Looker Studio, Databases, Tableau;1;1;1;1;1;1;1;;Upskill, Networking;LinkedIn;Jawa Barat;0;1;1;0
259;bekasi;Tidak;SQL, Python, Power BI, Databases, Tableau;0;1;1;1;0;1;1;;Cari Kerja, Upskill, Networking, Switch Career;Teman;Jawa Barat;1;1;1;1
260;Kota Bekasi;Ya;Excel, SQL, Python, Power BI, Databases, Tableau, ETL, Big Data, Business Inteligent, Meching Learning ;1;1;1;1;0;1;1; ETL, Big Data, Business Inteligent, Meching Learning;Cari Kerja, Upskill;LinkedIn;Jawa Barat;1;1;0;0
261;Cirebon;Tidak;Excel, SQL, Python, Power BI, Looker Studio, Databases, Tableau;1;1;1;1;1;1;1;;Cari Kerja, Upskill, Networking, Switch Career;LinkedIn;Jawa Barat;1;1;1;1
262;Bekasi;Ya;Python, Power BI, Looker Studio, Databases;0;0;1;1;1;1;0;;Cari Kerja, Upskill;LinkedIn;Jawa Barat;1;1;0;0
263;Bogor;Tidak;Excel, SQL, Python, Looker Studio;1;1;1;0;1;0;0;;Cari Kerja, Upskill, Networking, Switch Career;LinkedIn;Jawa Barat;1;1;1;1
264;Bandung Barat;Ya;Excel, SQL, Python, Power BI, Looker Studio, Databases, Tableau;1;1;1;1;1;1;1;;Switch Career;LinkedIn;Jawa Barat;0;0;0;1
265;Jakarta;Tidak;Excel, SQL, Python, Power BI, Databases;1;1;1;1;0;1;0;;Cari Kerja, Upskill, Networking, Switch Career;LinkedIn;Jakarta;1;1;1;1
266;Yogyakarta ;Ya;Excel, SQL, Python, Power BI, Tableau;1;1;1;1;0;0;1;;Upskill, Networking;LinkedIn;DI Yogyakarta;0;1;1;0
267;BEKASI;Tidak;Excel, SQL, Python, Power BI;1;1;1;1;0;0;0;;Upskill, Networking, Switch Career;Instagram;Jawa Barat;0;1;1;1
268;Tangerang;Ya;Excel, ;1;0;0;0;0;0;0;;Upskill, Networking;Teman;Banten;0;1;1;0
269;Padang Panjang ;Ya;Excel, SQL, Python, Power BI, Looker Studio, Databases, Tableau;1;1;1;1;1;1;1;;Cari Kerja, Upskill, Networking;LinkedIn;Sumatera Barat;1;1;1;0
270;Pontianak;Tidak;GIS;0;0;0;0;0;0;0;GIS;Upskill, Networking;LinkedIn;Kalimantan Barat;0;1;1;0
271;Yogyakarta;Tidak;Excel, Python;1;0;1;0;0;0;0;;Upskill, Networking;LinkedIn;DI Yogyakarta;0;1;1;0
272;Padang;Ya;SQL, Python, Power BI, Looker Studio, Databases, Tableau;0;1;1;1;1;1;1;;Cari Kerja, Upskill, Networking;LinkedIn;Sumatera Barat;1;1;1;0
273;Tangerang;Tidak;Power BI, Databases, Tableau;0;0;0;1;0;1;1;;Switch Career;LinkedIn;Banten;0;0;0;1
274;Kendari ;Ya;Excel, SQL, Python, Power BI, Looker Studio, Databases, Tableau;1;1;1;1;1;1;1;;Cari Kerja, Upskill, Networking, Switch Career;LinkedIn;Sulawesi Tenggara;1;1;1;1
275;Makassar;Tidak;Excel, SQL, Power BI, Looker Studio, Databases, Tableau;1;1;0;1;1;1;1;;Cari Kerja, Switch Career;LinkedIn;Sulawesi Selatan;1;0;0;1
276;Jakarta Timur;Ya;Excel, SQL, Python, Power BI, Looker Studio, Databases, Tableau, Streamlit;1;1;1;1;1;1;1; Streamlit;Cari Kerja, Upskill, Networking;LinkedIn;Jakarta;1;1;1;0
277;Kisaran Sumatera Utara;Tidak;Excel, SQL, Python, Power BI, Looker Studio, Databases, Tableau;1;1;1;1;1;1;1;;Cari Kerja, Upskill, Networking, Switch Career;LinkedIn;Sumatera Utara;1;1;1;1
278;Tangerang Selatan;Tidak;Excel, SQL, Python, Looker Studio, Databases;1;1;1;0;1;1;0;;Cari Kerja, Upskill, Networking, Switch Career;LinkedIn;Banten;1;1;1;1
279;Purwokerto ;Ya;Excel;1;0;0;0;0;0;0;;Upskill;Teman;Jawa Tengah;0;1;0;0
280;Tasikmalaya;Tidak;Excel, SQL, Python, Power BI, Looker Studio, Databases, Tableau;1;1;1;1;1;1;1;;Upskill, Networking, Switch Career;LinkedIn;Jawa Barat;0;1;1;1
281;Tangerang;Tidak;Power BI, Looker Studio;0;0;0;1;1;0;0;;Cari Kerja, Switch Career;Instagram;Banten;1;0;0;1
282;Sumedang;Ya;SQL, Python, Power BI, Looker Studio, Tableau;0;1;1;1;1;0;1;;Upskill;LinkedIn;Jawa Barat;0;1;0;0
283;Bekasi;Tidak;Excel, SQL, Python, Power BI, Looker Studio, Databases, Tableau;1;1;1;1;1;1;1;;Upskill, Networking, Switch Career;LinkedIn;Jawa Barat;0;1;1;1
284;Karawang;Ya;Excel, SQL, Python, Power BI, Looker Studio, Tableau;1;1;1;1;1;0;1;;Cari Kerja, Upskill, Networking;LinkedIn;Jawa Barat;1;1;1;0
285;Pekanbaru;Ya;Excel, SQL, Python, Power BI, Databases, Tableau;1;1;1;1;0;1;1;;Cari Kerja, Upskill;LinkedIn;Riau;1;1;0;0
286;Bandung, Jawa Barat;Ya;Excel, SQL, Python, Power BI, Looker Studio, Databases, Tableau;1;1;1;1;1;1;1;;Cari Kerja, Upskill, Networking;LinkedIn;Jawa Barat;1;1;1;0
287;Kalimantan Timur;Tidak;Excel, Python, Power BI, Databases, Tableau;1;0;1;1;0;1;1;;Upskill;LinkedIn;Kalimantan Timur;0;1;0;0
288;Bekasi;Tidak;Excel, SQL, Python, Power BI, Looker Studio, Databases, Tableau;1;1;1;1;1;1;1;;Cari Kerja, Upskill, Networking, Switch Career;Teman;Jawa Barat;1;1;1;1
289;Depok;Tidak;Excel, SQL, Python, Power BI, Looker Studio, Databases, Tableau;1;1;1;1;1;1;1;;Cari Kerja, Upskill, Networking;LinkedIn;Jawa Barat;1;1;1;0
290;Depok;Tidak;Excel, SQL, Python, Power BI, Looker Studio, Databases, Tableau, Cloud Computing ;1;1;1;1;1;1;1; Cloud Computing;Cari Kerja, Upskill, Networking;LinkedIn;Jawa Barat;1;1;1;0
291;Banyuwangi, Jawa Timur;Ya;SQL, Python, Power BI, Databases;0;1;1;1;0;1;0;;Cari Kerja, Networking;Teman;Jawa Timur;1;0;1;0
292;Yogyakarta;Ya;Excel, SQL, Python, Power BI, Looker Studio;1;1;1;1;1;0;0;;Cari Kerja, Upskill, Networking;LinkedIn;DI Yogyakarta;1;1;1;0
293;Madiun;Tidak;Excel, SQL, Python, Power BI, Tableau;1;1;1;1;0;0;1;;Upskill, Networking, Switch Career;LinkedIn;Jawa Timur;0;1;1;1
294;Sidoarjo;Tidak;Power BI, Looker Studio, Databases, Tableau;0;0;0;1;1;1;1;;Upskill, Switch Career;LinkedIn;Jawa Timur;0;1;0;1
295;Depok;Tidak;Excel, SQL, Python, Power BI, Looker Studio, Databases, Tableau;1;1;1;1;1;1;1;;Upskill, Networking, Switch Career;LinkedIn;Jawa Barat;0;1;1;1
296;Jakarta;Ya;Python, Databases;0;0;1;0;0;1;0;;Upskill;LinkedIn;Jakarta;0;1;0;0
297;Bandung Barat;Ya;Excel, SQL, Python, Power BI;1;1;1;1;0;0;0;;Cari Kerja, Upskill;LinkedIn;Jawa Barat;1;1;0;0
298;Depok;Tidak;SQL, Python, Power BI, Looker Studio, Databases, Tableau;0;1;1;1;1;1;1;;Cari Kerja, Upskill, Networking, Switch Career;LinkedIn;Jawa Barat;1;1;1;1
299;Surabaya;Tidak;SQL, Python, Power BI, Looker Studio, Tableau;0;1;1;1;1;0;1;;Upskill;LinkedIn;Jawa Timur;0;1;0;0
300;Tangerang Selatan;Ya;Excel, SQL, Python, Power BI, Databases;1;1;1;1;0;1;0;;Cari Kerja, Upskill, Networking;LinkedIn;Banten;1;1;1;0
301;Tangerang Selatan;Tidak;Excel, SQL, Python, Power BI, Databases;1;1;1;1;0;1;0;;Cari Kerja, Upskill, Networking;LinkedIn;Banten;1;1;1;0
302;Bekasi;Ya;Excel, SQL, Python, Power BI, Looker Studio, Databases, Tableau;1;1;1;1;1;1;1;;Cari Kerja, Upskill, Networking;LinkedIn;Jawa Barat;1;1;1;0
303;Kota Depok;Tidak;Excel, SQL, Python, Power BI, Looker Studio, Databases, Tableau;1;1;1;1;1;1;1;;Upskill, Switch Career;LinkedIn;Jawa Barat;0;1;0;1
304;Tangerang;Tidak;Excel, SQL, Python, Power BI, Tableau;1;1;1;1;0;0;1;;Upskill, Networking;LinkedIn;Banten;0;1;1;0
305;Harapan Indah;Tidak;Excel, Python, Power BI;1;0;1;1;0;0;0;;Upskill;Teman;Jawa Barat;0;1;0;0
306;Surabaya;Tidak;SQL, Tableau, AI automation, RAG, LLM ;0;1;0;0;0;0;1; AI automation, RAG, LLM;Cari Kerja, Networking;LinkedIn;Jawa Timur;1;0;1;0
307;Surabaya;Ya;Excel, SQL, Python, Databases, Tableau;1;1;1;0;0;1;1;;Cari Kerja, Upskill, Networking, Switch Career;LinkedIn;Jawa Timur;1;1;1;1
308;Sukoharjo ;Tidak;Python, Databases;0;0;1;0;0;1;0;;Upskill;LinkedIn;Jawa Tengah;0;1;0;0
309;Jakarta;Tidak;SQL, Python, Power BI, Looker Studio, Databases, Tableau;0;1;1;1;1;1;1;;Cari Kerja, Upskill, Networking, Switch Career;LinkedIn;Jakarta;1;1;1;1
310;Medan;Tidak;Power BI, Tableau;0;0;0;1;0;0;1;;Cari Kerja, Networking;Instagram;Sumatera Utara;1;0;1;0
311;Jakarta Timur;Tidak;Excel, SQL, Python, Power BI, Looker Studio, Databases, Tableau;1;1;1;1;1;1;1;;Cari Kerja, Upskill, Networking;LinkedIn;Jakarta;1;1;1;0
312;Mataram;Tidak;SQL, Python, Databases, Tableau;0;1;1;0;0;1;1;;Cari Kerja, Networking;LinkedIn;Nusa Tenggara Barat;1;0;1;0
313;Bekasi;Ya;Excel, SQL, Python, Power BI, Looker Studio, Databases, Tableau;1;1;1;1;1;1;1;;Cari Kerja, Upskill, Networking, Switch Career;LinkedIn;Jawa Barat;1;1;1;1
314;Bekasi;Ya;Excel, SQL, Python, Power BI, Looker Studio, Databases, Tableau;1;1;1;1;1;1;1;;Cari Kerja, Upskill, Networking, Switch Career;LinkedIn;Jawa Barat;1;1;1;1
315;Bekasi;Ya;Excel, SQL, Python, Power BI, Looker Studio, Databases, ;1;1;1;1;1;1;0;;Cari Kerja, Upskill, Switch Career;Teman;Jawa Barat;1;1;0;1
316;Palembang;Tidak;Excel;1;0;0;0;0;0;0;;Cari Kerja, Upskill, Networking, Switch Career;LinkedIn;Sumatera Selatan;1;1;1;1
317;Tangerang;Ya;Excel, SQL, Python, Power BI, Looker Studio, Databases, Tableau;1;1;1;1;1;1;1;;Upskill, Networking;Instagram;Banten;0;1;1;0
318;Bandung;Tidak;SQL, Python, Power BI, Looker Studio, Databases, Tableau;0;1;1;1;1;1;1;;Switch Career;LinkedIn;Jawa Barat;0;0;0;1
319;Jakarta Selatan;Ya;Excel, SQL, Python, Power BI, Looker Studio, Databases, Tableau, HTML, CSS, C, JAVASCRIPT;1;1;1;1;1;1;1; HTML, CSS, C, JAVASCRIPT;Upskill, Networking;Teman;Jakarta;0;1;1;0
320;Palu;Tidak;Power BI;0;0;0;1;0;0;0;;Upskill;LinkedIn;Sulawesi Tengah;0;1;0;0
321;Kuningan;Ya;Excel, SQL, Python, Looker Studio, Tableau;1;1;1;0;1;0;1;;Cari Kerja, Networking;LinkedIn;Jawa Barat;1;0;1;0
322;Sumatera Selatan;Tidak;Excel, SQL, Python, Power BI, Looker Studio, Databases, Tableau;1;1;1;1;1;1;1;;Upskill, Networking, Switch Career;LinkedIn;Sumatera Selatan;0;1;1;1
323;Depok;Ya;Excel, SQL, Python, Power BI, Databases, Tableau;1;1;1;1;0;1;1;;Cari Kerja, Networking, Switch Career;LinkedIn;Jawa Barat;1;0;1;1
324;Bandung;Ya;Excel, SQL, Python, Power BI, Looker Studio, Databases, Tableau;1;1;1;1;1;1;1;;Cari Kerja, Upskill, Networking, Switch Career;LinkedIn;Jawa Barat;1;1;1;1
325;Surabaya;Ya;Excel, SQL, Python, Power BI, Looker Studio, Tableau;1;1;1;1;1;0;1;;Cari Kerja, Upskill, Networking;LinkedIn;Jawa Timur;1;1;1;0
326;Jakarta;Tidak;Excel, SQL, Python, Power BI, Looker Studio, Databases, Tableau;1;1;1;1;1;1;1;;Cari Kerja, Upskill, Networking, Switch Career;Teman;Jakarta;1;1;1;1
327;Rokan Hilir, riau;Tidak;Excel, SQL, Python, Power BI;1;1;1;1;0;0;0;;Cari Kerja, Upskill, Networking, Switch Career;LinkedIn;Riau;1;1;1;1
328;Kendari;Tidak;Excel, SQL, Python, Power BI, Looker Studio, Databases, Tableau;1;1;1;1;1;1;1;;Cari Kerja, Upskill, Networking, Switch Career;Instagram;Sulawesi Tenggara;1;1;1;1
329;Surabaya;Ya;Excel, SQL, Python, Power BI, Databases;1;1;1;1;0;1;0;;Cari Kerja, Upskill, Networking;LinkedIn;Jawa Timur;1;1;1;0
330;Bogor;Ya;Excel, SQL, Power BI;1;1;0;1;0;0;0;;Cari Kerja, Upskill, Networking, Switch Career;LinkedIn;Jawa Barat;1;1;1;1
331;Tangerang;Ya;Excel, SQL, Python, Power BI, Looker Studio, Databases, Tableau;1;1;1;1;1;1;1;;Cari Kerja, Upskill, Networking;LinkedIn;Banten;1;1;1;0
332;Kalsel;Tidak;Excel, Power BI, Looker Studio, Databases;1;0;0;1;1;1;0;;Upskill, Networking;LinkedIn;Kalimantan Selatan;0;1;1;0
333;Lampung;Ya;Excel, SQL, Python, Power BI, Looker Studio, Databases, Tableau;1;1;1;1;1;1;1;;Cari Kerja, Upskill, Networking;LinkedIn;Lampung;1;1;1;0
334;kota padang;Ya;Excel, SQL, Python, Power BI, Looker Studio, Databases, Tableau;1;1;1;1;1;1;1;;Upskill, Networking, Switch Career;LinkedIn;Sumatera Barat;0;1;1;1
335;Jakarta;Tidak;Excel, SQL, Python, Power BI, Looker Studio, Databases, Tableau;1;1;1;1;1;1;1;;Cari Kerja, Switch Career;LinkedIn;Jakarta;1;0;0;1
336;Bekasi;Tidak;Excel, SQL, Python, Power BI, Looker Studio, Databases, Tableau;1;1;1;1;1;1;1;;Cari Kerja, Upskill, Networking;LinkedIn;Jawa Barat;1;1;1;0
337;Palembang;Ya;Excel, SQL, Python, Power BI, Looker Studio, Databases, Tableau;1;1;1;1;1;1;1;;Upskill, Switch Career;LinkedIn;Sumatera Selatan;0;1;0;1
338;Jakarta Barat;Ya;Excel, SQL, Python, Databases;1;1;1;0;0;1;0;;Cari Kerja, Upskill, Networking, Switch Career;LinkedIn;Jakarta;1;1;1;1
339;Pasuruan;Ya;Excel, SQL, Python, Power BI, Looker Studio, Databases, Tableau;1;1;1;1;1;1;1;;Cari Kerja, Upskill, Networking;LinkedIn;Jawa Timur;1;1;1;0
340;Jakarta;Tidak;Excel, SQL, Python, Power BI, Looker Studio, Databases;1;1;1;1;1;1;0;;Cari Kerja, Upskill, Networking, Switch Career;LinkedIn;Jakarta;1;1;1;1
341;Jakarta Timur;Ya;Excel, SQL, Python, Power BI, Looker Studio, Databases, Tableau;1;1;1;1;1;1;1;;Cari Kerja, Upskill, Networking;LinkedIn;Jakarta;1;1;1;0
342;Batam;Tidak;Excel, SQL, Python, Power BI, Tableau;1;1;1;1;0;0;1;;Cari Kerja, Networking;LinkedIn;Riau;1;0;1;0
343;Bandung;Ya;Excel, SQL, Python, Power BI, Looker Studio, Databases, Tableau;1;1;1;1;1;1;1;;Cari Kerja, Upskill, Networking;Teman;Jawa Barat;1;1;1;0
344;Jakarta Barat;Ya;SQL, Python, Power BI, Looker Studio, Databases, Tableau;0;1;1;1;1;1;1;;Cari Kerja, Upskill, Networking, Switch Career;LinkedIn;Jakarta;1;1;1;1
345;Salatiga;Ya;Excel, SQL, Python, Power BI, Looker Studio;1;1;1;1;1;0;0;;Cari Kerja, Upskill, Networking, Switch Career;LinkedIn;Jawa Tengah;1;1;1;1
346;Solo;Ya;Excel, SQL, Python, Power BI, Looker Studio, Databases, Tableau;1;1;1;1;1;1;1;;Cari Kerja, Upskill, Networking;LinkedIn;Jawa Tengah;1;1;1;0
347;Mojokerto;Ya;Excel, SQL, Python;1;1;1;0;0;0;0;;Cari Kerja, Upskill, Networking, Switch Career;Teman;Jawa Timur;1;1;1;1
348;Jakarta;Tidak;Excel, Power BI, Looker Studio;1;0;0;1;1;0;0;;Upskill, Networking, Switch Career;LinkedIn;Jakarta;0;1;1;1
349;Tangerang Selatan;Tidak;SQL, Power BI, Looker Studio, Databases, Tableau;0;1;0;1;1;1;1;;Upskill, Networking, Switch Career;LinkedIn;Banten;0;1;1;1
350;Surabaya;Tidak;SQL, Python, Power BI;0;1;1;1;0;0;0;;Upskill, Switch Career;LinkedIn;Jawa Timur;0;1;0;1
351;Tangerang;Ya;Excel, SQL, Python, Power BI, Looker Studio, Databases, Tableau;1;1;1;1;1;1;1;;Upskill, Networking;LinkedIn;Banten;0;1;1;0
352;Banyuwangi;Ya;Excel, SQL, Python, Power BI, Looker Studio, Databases, Tableau;1;1;1;1;1;1;1;;Cari Kerja, Upskill, Networking, Switch Career;LinkedIn;Jawa Timur;1;1;1;1
353;Banyuwangi ;Ya;Excel, SQL, Python, Power BI, Looker Studio, Databases, Tableau;1;1;1;1;1;1;1;;Upskill;Instagram;Jawa Timur;0;1;0;0
354;Sumatera Utara;Tidak;Excel, SQL, Python, Tableau;1;1;1;0;0;0;1;;Cari Kerja, Upskill, Networking;LinkedIn;Sumatera Utara;1;1;1;0
355;Jakarta;Ya;SQL, Python, Power BI, Databases, Tableau;0;1;1;1;0;1;1;;Cari Kerja, Upskill, Networking, Switch Career;LinkedIn;Jakarta;1;1;1;1
356;Surabaya;Tidak;Excel, SQL, Python, Power BI, Looker Studio, Databases, Tableau;1;1;1;1;1;1;1;;Upskill, Networking, Switch Career;LinkedIn;Jawa Timur;0;1;1;1
357;Sidoarjo;Ya;SQL, Python, Looker Studio, Databases, Tableau;0;1;1;0;1;1;1;;Upskill;LinkedIn;Jawa Timur;0;1;0;0
358;Jakarta Barat;Tidak;Excel, SQL, Python, Power BI, Looker Studio, Databases, Tableau;1;1;1;1;1;1;1;;Upskill;LinkedIn;Jakarta;0;1;0;0
359;Yogyakarta;Ya;Excel, SQL, Python, Power BI, Looker Studio, Databases, Tableau;1;1;1;1;1;1;1;;Cari Kerja, Upskill, Networking, Switch Career;Instagram;DI Yogyakarta;1;1;1;1
360;Bogor;Ya;Excel, SQL, Python, Power BI, Databases, Tableau;1;1;1;1;0;1;1;;Cari Kerja, Upskill, Networking;LinkedIn;Jawa Barat;1;1;1;0
361;Malang;Tidak;SQL, Python, Power BI, Databases, Tableau;0;1;1;1;0;1;1;;Cari Kerja, Upskill, Networking, Switch Career;LinkedIn;Jawa Timur;1;1;1;1
362;Yogyakarta;Tidak;SQL, Python, Databases;0;1;1;0;0;1;0;;Cari Kerja, Upskill, Networking;LinkedIn;DI Yogyakarta;1;1;1;0
363;Cirebon;Tidak;Excel, SQL, Python, Power BI, Looker Studio, Databases, Tableau;1;1;1;1;1;1;1;;Cari Kerja, Upskill, Networking, Switch Career;LinkedIn;Jawa Barat;1;1;1;1
364;Sumatra Selatan;Ya;Excel, SQL, Python, Power BI, Looker Studio, Databases;1;1;1;1;1;1;0;;Cari Kerja, Upskill, Networking;LinkedIn;Sumatra Selatan;1;1;1;0
365;Kota Bengkulu;Ya;Excel, SQL, Python, Power BI, Looker Studio, Databases, Tableau, Pandas;1;1;1;1;1;1;1; Pandas;Cari Kerja, Upskill, Networking, Switch Career;LinkedIn;Bengkulu;1;1;1;1
366;Lombok;Ya;Excel, SQL, Python, Power BI;1;1;1;1;0;0;0;;Cari Kerja, Upskill, Networking;Teman;Nusa Tenggara Barat;1;1;1;0
367;Banjarmasin;Tidak;Excel, Power BI, Looker Studio, Databases, Tableau;1;0;0;1;1;1;1;;Upskill;LinkedIn;Kalimantan Selatan;0;1;0;0
368;Bekasi;Ya;Excel, SQL, Python, Power BI, Databases, Tableau;1;1;1;1;0;1;1;;Upskill, Networking, Switch Career;LinkedIn;Jawa Barat;0;1;1;1
369;Surabaya;Tidak;SQL, Python, Power BI, Looker Studio, Databases, Tableau;0;1;1;1;1;1;1;;Cari Kerja, Upskill, Networking, Switch Career;LinkedIn;Jawa Timur;1;1;1;1
370;Bogor;Ya;Excel, SQL, Python, Power BI, Looker Studio, Databases, Tableau;1;1;1;1;1;1;1;;Switch Career;LinkedIn;Jawa Barat;0;0;0;1
371;Jakarta Pusat;Tidak;Excel, Power BI, Looker Studio, Databases;1;0;0;1;1;1;0;;Upskill, Networking;LinkedIn;Jakarta;0;1;1;0
372;Jakarta;Tidak;-;0;0;0;0;0;0;0;;Networking;LinkedIn;Jakarta;0;0;1;0
373;Samarinda;Ya;Excel, SQL, Python;1;1;1;0;0;0;0;;Cari Kerja, Upskill, Networking;LinkedIn;Kalimantan Timur;1;1;1;0
374;Karawang;Ya;Excel, SQL, Python, Power BI, Looker Studio, Databases, Tableau;1;1;1;1;1;1;1;;Cari Kerja, Upskill, Networking;LinkedIn;Jawa Barat;1;1;1;0
375;Balikpapan;Tidak;Excel, SQL, Python, Power BI, Databases;1;1;1;1;0;1;0;;Upskill, Networking;LinkedIn;Kalimantan Timur;0;1;1;0
376;Jakarta;Ya;Excel, SQL, Python, Power BI, Databases, Tableau;1;1;1;1;0;1;1;;Upskill, Networking, Switch Career;LinkedIn;Jakarta;0;1;1;1
377;Tangerang;Tidak;Power BI, Looker Studio, Databases, Tableau;0;0;0;1;1;1;1;;Cari Kerja, Upskill, Networking;LinkedIn;Banten;1;1;1;0
378;Tangerang;Tidak;Databases;0;0;0;0;0;1;0;;Cari Kerja, Upskill, Networking;LinkedIn;Banten;1;1;1;0
379;Sragen;Ya;Excel, SQL, Python, Looker Studio, Databases;1;1;1;0;1;1;0;;Cari Kerja, Upskill, Networking;LinkedIn;Jawa Tengah;1;1;1;0
380;Sragen;Ya;Excel, SQL, Python;1;1;1;0;0;0;0;;Cari Kerja, Upskill;LinkedIn;Jawa Tengah;1;1;0;0
381;Sleman;Tidak;SQL, Python, Power BI, Looker Studio;0;1;1;1;1;0;0;;Upskill, Networking;LinkedIn;DI Yogyakarta;0;1;1;0
382;Bukittinggi;Tidak;Python, Knime;0;0;1;0;0;0;0;Knime;Upskill;LinkedIn;Sumatera Barat;0;1;0;0
383;Jakarta Selatan;Tidak;Excel, SQL, Power BI, Databases, Tableau;1;1;0;1;0;1;1;;Cari Kerja, Upskill;LinkedIn;Jakarta;1;1;0;0
384;Pekanbaru;Ya;Power BI, Looker Studio, Tableau;0;0;0;1;1;0;1;;Cari Kerja, Upskill, Networking, Switch Career;LinkedIn;Riau;1;1;1;1
385;Jakarta Timur;Tidak;Excel, SQL, Python, Databases;1;1;1;0;0;1;0;;Upskill;LinkedIn;Jakarta;0;1;0;0
386;Tangerang Selatan;Ya;Excel, SQL, Python, Power BI, Looker Studio, Databases, Tableau;1;1;1;1;1;1;1;;Cari Kerja, Upskill, Networking;LinkedIn;Banten;1;1;1;0
387;Aceh Utara ;Ya;Excel, SQL, Python, Power BI, Databases, Tableau;1;1;1;1;0;1;1;;Cari Kerja, Upskill, Networking;LinkedIn;Aceh;1;1;1;0
388;Banjarmasin;Tidak;Python;0;0;1;0;0;0;0;;Upskill, Networking;LinkedIn;Kalimantan Selatan;0;1;1;0
389;Surabaya;Ya;Excel, SQL, Python, Power BI, Looker Studio, Databases, Tableau;1;1;1;1;1;1;1;;Cari Kerja, Upskill, Networking, Switch Career;LinkedIn;Jawa Timur;1;1;1;1
390;Banyuwangi;Tidak;Excel, SQL, Python, Power BI, Looker Studio, Databases, Tableau;1;1;1;1;1;1;1;;Upskill, Networking, Switch Career;LinkedIn;Jawa Timur;0;1;1;1
391;Jakarta Selatan;Tidak;Excel, SQL, Python, Power BI, Looker Studio, Databases, Tableau;1;1;1;1;1;1;1;;Cari Kerja, Upskill, Networking;LinkedIn;Jakarta;1;1;1;0
392;Jakarta Selatan;Tidak;SQL, Python, Power BI, Databases;0;1;1;1;0;1;0;;Cari Kerja, Upskill, Networking;LinkedIn;Jakarta;1;1;1;0
393;Bogor;Ya;Excel, SQL, Python, Power BI, Looker Studio, Databases, Tableau;1;1;1;1;1;1;1;;Cari Kerja, Upskill, Networking;Teman;Jawa Barat;1;1;1;0
394;Bogor;Ya;Python, Power BI, Databases, Tableau;0;0;1;1;0;1;1;;Cari Kerja, Upskill, Networking;Teman;Jawa Barat;1;1;1;0
395;Tegal;Ya;Excel, SQL, Python, Power BI, Looker Studio, Databases, Tableau;1;1;1;1;1;1;1;;Cari Kerja, Upskill, Networking, Switch Career;LinkedIn;Jawa Tengah;1;1;1;1
396;Bekasi;Tidak;SQL, Python, Databases;0;1;1;0;0;1;0;;Cari Kerja, Upskill, Networking;LinkedIn;Jawa Barat;1;1;1;0
397;Bantul;Ya;Excel, SQL, Python, Power BI, Looker Studio, Databases, Tableau, Tools Data Engineer;1;1;1;1;1;1;1; Tools Data Engineer;Upskill, Networking;LinkedIn;DI Yogyakarta;0;1;1;0
398;Makassar;Tidak;Excel, SQL, Python, Power BI, Looker Studio, Databases, Tableau;1;1;1;1;1;1;1;;Upskill, Networking;LinkedIn;Sulawesi Selatan;0;1;1;0
399;Semarang;Ya;SQL, Python, Power BI, Looker Studio, Databases, Tableau;0;1;1;1;1;1;1;;Cari Kerja, Upskill, Networking;LinkedIn;Jawa Tengah;1;1;1;0
400;Jakarta selatan;Ya;Excel, SQL, Python, Power BI, Looker Studio, Databases, Tableau;1;1;1;1;1;1;1;;Cari Kerja, Upskill, Networking;LinkedIn;Jakarta;1;1;1;0
401;Depok;Tidak;Excel, Yg relevan untuk project;1;0;0;0;0;0;0;Yg relevan untuk project;Upskill;Teman;Jawa Barat;0;1;0;0
402;Jakarta Utara;Ya;Excel, SQL, Python, Power BI, Looker Studio, Databases, Tableau;1;1;1;1;1;1;1;;Cari Kerja, Upskill, Networking, Switch Career;LinkedIn;Jakarta;1;1;1;1
403;Depok;Ya;Excel, SQL, Python, Power BI, Looker Studio, Databases, Tableau;1;1;1;1;1;1;1;;Cari Kerja, Upskill, Networking;LinkedIn;Jawa Barat;1;1;1;0
404;Purbalingga;Tidak;Excel, SQL, Python, Power BI, Looker Studio, Databases, Tableau;1;1;1;1;1;1;1;;Switch Career;LinkedIn;Jawa Tengah;0;0;0;1
405;Tegal;Ya;Excel, SQL, Python, Databases;1;1;1;0;0;1;0;;Cari Kerja, Upskill, Networking;LinkedIn;Jawa Tengah;1;1;1;0
406;Bekasi;Tidak;Excel, SQL, Python;1;1;1;0;0;0;0;;Upskill, Networking;LinkedIn;Jawa Barat;0;1;1;0
407;Jakarta Selatan;Tidak;Excel, SQL, Python, Power BI, Databases, Tableau, Azure, AWS, Fabric;1;1;1;1;0;1;1; Azure, AWS, Fabric;Cari Kerja, Upskill, Networking, Switch Career;LinkedIn;Jakarta;1;1;1;1
408;Jakarta Selatan;Ya;Excel, Python, Databases;1;0;1;0;0;1;0;;Cari Kerja, Upskill, Networking;LinkedIn;Jakarta;1;1;1;0
409;Kalimantan Selatan ;Ya;Excel, SQL, Python, Power BI, Looker Studio, Databases, Tableau;1;1;1;1;1;1;1;;Cari Kerja, Upskill, Networking;Instagram;Kalimantan Selatan;1;1;1;0
410;Palembang;Ya;Excel, SQL, Python, Power BI, Looker Studio, Databases, Tableau;1;1;1;1;1;1;1;;Cari Kerja, Upskill, Networking;LinkedIn;Sumatera Selatan;1;1;1;0
411;Musi Banyuasin;Ya;Excel, SQL, Python, Power BI, Looker Studio, Databases, Tableau;1;1;1;1;1;1;1;;Cari Kerja, Upskill, Networking;LinkedIn;Sumatera Selatan;1;1;1;0
412;Musi Banyuasin;Ya;Excel, SQL, Python, Power BI, Looker Studio, Databases, Tableau;1;1;1;1;1;1;1;;Cari Kerja, Upskill, Networking;LinkedIn;Sumatera Selatan;1;1;1;0
413;Makassar;Tidak;SQL, Power BI, Databases, Tableau;0;1;0;1;0;1;1;;Upskill, Networking, Switch Career;LinkedIn;Sulawesi Selatan;0;1;1;1
414;Karawang;Ya;Excel, SQL, Python, Power BI, Looker Studio, Tableau;1;1;1;1;1;0;1;;Cari Kerja, Upskill;LinkedIn;Jawa Barat;1;1;0;0
415;Medan;Ya;Python, Tableau;0;0;1;0;0;0;1;;Upskill, Networking;LinkedIn;Sumatera Utara;0;1;1;0
416;Bekasi;Ya;Excel, SQL, Python, Power BI, Databases;1;1;1;1;0;1;0;;Cari Kerja, Upskill, Switch Career;LinkedIn;Jawa Barat;1;1;0;1
417;Sidoarjo;Ya;Excel, SQL, Python, Power BI, Looker Studio, Databases, Tableau;1;1;1;1;1;1;1;;Upskill, Networking;LinkedIn;Jawa Timur;0;1;1;0
418;SIdoarjo;Ya;Excel, SQL, Python, Power BI, Looker Studio, Databases, Tableau;1;1;1;1;1;1;1;;Upskill;LinkedIn;Jawa Timur;0;1;0;0
419;Surabaya;Ya;Excel, SQL, Python, Looker Studio, Tableau;1;1;1;0;1;0;1;;Upskill, Networking, Switch Career;LinkedIn;Jawa Timur;0;1;1;1
420;Jakarta Utara;Tidak;SQL, Python, Power BI, Databases;0;1;1;1;0;1;0;;Upskill;LinkedIn;Jakarta;0;1;0;0
421;Jakarta Pusat;Ya;Excel, SQL, Python, Power BI, Looker Studio, Databases, Tableau;1;1;1;1;1;1;1;;Cari Kerja, Upskill, Networking;LinkedIn;Jakarta;1;1;1;0
422;Depok;Tidak;Excel, SQL, Python, Power BI, Looker Studio, Databases, Tableau;1;1;1;1;1;1;1;;Cari Kerja, Upskill, Networking;LinkedIn;Jawa Barat;1;1;1;0
423;Kalimantan Selatan;Tidak;Excel, SQL, Power BI, Databases;1;1;0;1;0;1;0;;Upskill, Networking;LinkedIn;Kalimantan Selatan;0;1;1;0
424;Jakarta Selatan;Ya;Excel, SQL, Python, Power BI;1;1;1;1;0;0;0;;Cari Kerja, Upskill, Switch Career;LinkedIn;Jakarta;1;1;0;1
425;Bekasi;Tidak;Excel, SQL, Python, Power BI, Looker Studio, Databases, Tableau, R program ;1;1;1;1;1;1;1; R program;Cari Kerja, Upskill, Networking;LinkedIn;Jawa Barat;1;1;1;0
426;Kota Bekasi ;Tidak;Excel, SQL, Python, Power BI, Looker Studio, Databases, Tableau;1;1;1;1;1;1;1;;Cari Kerja, Upskill;Teman;Jawa Barat;1;1;0;0
427;Banten;Ya;Excel, SQL, Python, Power BI, Databases;1;1;1;1;0;1;0;;Cari Kerja, Upskill, Networking, Switch Career;LinkedIn;Banten;1;1;1;1
428;Tangerang;Ya;Python;0;0;1;0;0;0;0;;Cari Kerja, Upskill, Networking;LinkedIn;Banten;1;1;1;0
429;BSD;Tidak;Excel, SQL, Looker Studio, Databases, Tableau;1;1;0;0;1;1;1;;Cari Kerja, Upskill, Networking, Switch Career;LinkedIn;Banten;1;1;1;1
430;Jogja;Ya;SQL, Databases;0;1;0;0;0;1;0;;Cari Kerja, Upskill, Networking;LinkedIn;DI Yogyakarta;1;1;1;0
431;pekanbaru;Tidak;Excel, SQL, Python, Power BI, Looker Studio, Databases, Tableau;1;1;1;1;1;1;1;;Cari Kerja, Upskill, Networking, Switch Career;LinkedIn;Riau;1;1;1;1
432;Bandung;Tidak;Excel, SQL, Python, Power BI, Looker Studio, Databases, Tableau;1;1;1;1;1;1;1;;Cari Kerja;LinkedIn;Jawa Barat;1;0;0;0
433;Bandung;Tidak;Excel, SQL, Power BI, Looker Studio, Databases;1;1;0;1;1;1;0;;Cari Kerja, Upskill, Networking, Switch Career;LinkedIn;Jawa Barat;1;1;1;1
434;Jakarta Selatan;Ya;Excel, SQL, Python, Power BI, Tableau;1;1;1;1;0;0;1;;Upskill, Networking;LinkedIn;Jakarta;0;1;1;0
435;Semarang;Ya;SQL, Python, Databases;0;1;1;0;0;1;0;;Upskill, Networking;LinkedIn;Jawa Tengah;0;1;1;0
436;Klaten;Tidak;SQL, Python, Power BI, Databases, Data Engineering;0;1;1;1;0;1;0; Data Engineering;Upskill, Networking;LinkedIn;Jawa Tengah;0;1;1;0
437;Tangerang;Ya;Excel, SQL, Python, Power BI, Looker Studio, Databases, Tableau, Kafka;1;1;1;1;1;1;1; Kafka;Cari Kerja, Upskill, Networking, Switch Career;LinkedIn;Banten;1;1;1;1
438;Sukabumi;Ya;Excel, SQL, Python, Power BI, Looker Studio, Databases, Tableau;1;1;1;1;1;1;1;;Cari Kerja, Upskill, Networking;LinkedIn;Jawa Barat;1;1;1;0
439;Depok;Tidak;Excel, SQL, Python, Power BI, Databases;1;1;1;1;0;1;0;;Cari Kerja, Upskill, Networking;LinkedIn;Jawa Barat;1;1;1;0
440;Banyumas;Ya;Excel, SQL, Python, Databases;1;1;1;0;0;1;0;;Cari Kerja, Upskill, Networking;LinkedIn;Jawa Tengah;1;1;1;0
441;Jakarta;Tidak;Excel, SQL, Python, Power BI, Looker Studio, Databases, Tableau;1;1;1;1;1;1;1;;Upskill, Networking;LinkedIn;Jakarta;0;1;1;0
442;Jakarta;Tidak;Excel, SQL, Python, Power BI, Looker Studio, Databases, Tableau, Pentaho;1;1;1;1;1;1;1; Pentaho;Cari Kerja, Upskill, Networking;LinkedIn;Jakarta;1;1;1;0
443;Surakarta ;Ya;Excel, SQL, Python, Power BI, Looker Studio, Databases, Tableau;1;1;1;1;1;1;1;;Cari Kerja, Upskill, Networking, Switch Career;LinkedIn;Jawa Tengah;1;1;1;1
444;Kalimantan Selatan;Ya;Excel, Databases;1;0;0;0;0;1;0;;Cari Kerja, Upskill;LinkedIn;Kalimantan Selatan;1;1;0;0
445;Bogor;Ya;Excel, SQL, Python, Power BI, Looker Studio, Databases, Tableau;1;1;1;1;1;1;1;;Cari Kerja, Upskill, Networking, Switch Career;LinkedIn;Jawa Barat;1;1;1;1
446;Yogyakarta ;Ya;Excel, SQL, Python, Power BI, Looker Studio, Databases, Tableau;1;1;1;1;1;1;1;;Cari Kerja, Upskill, Networking;LinkedIn;DI Yogyakarta;1;1;1;0
447;Banten;Tidak;Excel, SQL, Python, Power BI, Looker Studio, Tableau;1;1;1;1;1;0;1;;Cari Kerja, Upskill, Networking;LinkedIn;Banten;1;1;1;0
448;Tangerang;Ya;Excel, SQL, Python, Power BI, Looker Studio, Databases, Tableau, Data Science, Bigquery;1;1;1;1;1;1;1; Data Science, Bigquery;Cari Kerja, Upskill, Networking, Switch Career;LinkedIn;Banten;1;1;1;1
449;Bandung;Tidak;Python, Databases, Tableau;0;0;1;0;0;1;1;;Switch Career;LinkedIn;Jawa Barat;0;0;0;1
450;Bogor;Ya;Excel, SQL, Python, Power BI, Looker Studio, Databases, Tableau;1;1;1;1;1;1;1;;Cari Kerja, Upskill, Networking;LinkedIn;Jawa Barat;1;1;1;0
451;Bandung;Tidak;SQL, Python, Databases;0;1;1;0;0;1;0;;Cari Kerja, Upskill, Networking;LinkedIn;Jawa Barat;1;1;1;0
452;Bandung;Ya;Excel, SQL, Python, Power BI, Looker Studio, Databases, Tableau, Python;1;1;1;1;1;1;1;;Cari Kerja, Upskill, Networking, Switch Career;Teman;Jawa Barat;1;1;1;1
453;DI Yogyakarta;Ya;Excel, SQL, Python, Power BI, Looker Studio, Databases, Tableau;1;1;1;1;1;1;1;;Cari Kerja, Upskill, Networking;LinkedIn;Belum ada mapping;1;1;1;0
454;Yogyakarta;Ya;Power BI, Databases;0;0;0;1;0;1;0;;Cari Kerja, Upskill, Networking;Teman;DI Yogyakarta;1;1;1;0
455;Cilacap;Ya;Excel, SQL, Python, Power BI, Looker Studio, Databases, Tableau;1;1;1;1;1;1;1;;Cari Kerja, Upskill, Networking;LinkedIn;Jawa Tengah;1;1;1;0
456;Karawang;Ya;Excel, SQL, Python, Power BI, Databases, Tableau;1;1;1;1;0;1;1;;Cari Kerja, Upskill, Networking;LinkedIn;Jawa Barat;1;1;1;0
457;salsafal, gang menukan II no.971, brontokusuman,mergangsan, yogyakarta;Tidak;SQL, Python, Looker Studio, Databases;0;1;1;0;1;1;0;;Cari Kerja, Upskill, Networking, Switch Career;Teman;Belum ada mapping;1;1;1;1
458;Bogor;Ya;Excel, SQL, Python, Power BI, Looker Studio, Databases, Tableau;1;1;1;1;1;1;1;;Cari Kerja, Upskill, Networking, Switch Career;LinkedIn;Jawa Barat;1;1;1;1
459;Jakarta ;Tidak;Excel, SQL, Python, Looker Studio, Databases, Tableau;1;1;1;0;1;1;1;;Cari Kerja, Upskill, Networking;LinkedIn;Jakarta;1;1;1;0
460;Surabaya;Ya;Semua yg di atas ;0;0;0;0;0;0;0;Semua yg di atas;Cari Kerja, Upskill, Networking, Switch Career;Teman;Jawa Timur;1;1;1;1
461;Jawa Tengah;Ya;SQL, Python, Power BI, Databases, Tableau, BigQuery, dbt, Airflow;0;1;1;1;0;1;1; BigQuery, dbt, Airflow;Cari Kerja, Upskill, Networking;LinkedIn;Jawa Tengah;1;1;1;0
462;Serang;Ya;Excel, SQL, Python, Power BI, Looker Studio, Databases, Tableau;1;1;1;1;1;1;1;;Cari Kerja, Upskill, Networking;LinkedIn;Banten;1;1;1;0
463;Depok;Ya;Excel, SQL, Python, Databases;1;1;1;0;0;1;0;;Upskill, Networking;LinkedIn;Jawa Barat;0;1;1;0
464;Surabaya;Ya;Excel, SQL, Python, Databases;1;1;1;0;0;1;0;;Cari Kerja, Upskill, Networking, Switch Career;LinkedIn;Jawa Timur;1;1;1;1
465;Jakarta;Ya;Excel, SQL, Python, Power BI, Looker Studio, Tableau;1;1;1;1;1;0;1;;Switch Career;LinkedIn;Jakarta;0;0;0;1
466;Bogor;Ya;Excel, Power BI, Databases;1;0;0;1;0;1;0;;Cari Kerja, Upskill;Instagram;Jawa Barat;1;1;0;0
467;Palangkaraya;Tidak;SQL, Tableau;0;1;0;0;0;0;1;;Upskill, Switch Career;LinkedIn;Kalimantan Tengah ;0;1;0;1
468;Medan;Ya;Excel, SQL, Python, Power BI, Looker Studio, Databases, Tableau;1;1;1;1;1;1;1;;Cari Kerja, Upskill, Networking, Switch Career;LinkedIn;Sumatera Utara;1;1;1;1
469;Bekasi;Ya;Excel, SQL, Python, Power BI, Looker Studio, Databases, Tableau;1;1;1;1;1;1;1;;Cari Kerja, Upskill, Networking;LinkedIn;Jawa Barat;1;1;1;0
470;Sragen;Ya;Excel, SQL, Python, Power BI, Looker Studio, Databases, Tableau;1;1;1;1;1;1;1;;Cari Kerja, Upskill, Networking, Switch Career;LinkedIn;Jawa Tengah;1;1;1;1
471;Jakarta;Ya;SQL, Python, Power BI, Tableau;0;1;1;1;0;0;1;;Cari Kerja, Upskill, Networking, Switch Career;LinkedIn;Jakarta;1;1;1;1
472;Bekasi ;Ya;Excel, SQL, Python, Power BI, Looker Studio, Databases, Tableau;1;1;1;1;1;1;1;;Cari Kerja, Upskill, Networking;Teman;Jawa Barat;1;1;1;0
473;Jakarta;Ya;Excel, SQL, Python, Power BI, Looker Studio, Databases, Tableau, Aiven;1;1;1;1;1;1;1; Aiven;Cari Kerja, Upskill, Networking;LinkedIn;Jakarta;1;1;1;0
474;Jakarta Timur ;Ya;Excel, SQL, Python, Power BI, Looker Studio, Databases, Tableau;1;1;1;1;1;1;1;;Cari Kerja, Upskill, Networking, Switch Career;LinkedIn;Jakarta;1;1;1;1
475;Garut;Tidak;Excel, SQL, Python, Power BI, Databases, Tableau;1;1;1;1;0;1;1;;Cari Kerja, Upskill, Networking, Switch Career;LinkedIn;Jawa Barat;1;1;1;1
476;Jakarta;Tidak;Excel, SQL, Python, Power BI, Looker Studio, Databases, Tableau;1;1;1;1;1;1;1;;Cari Kerja, Upskill, Networking;LinkedIn;Jakarta;1;1;1;0
477;Purwokerto;Ya;Excel, SQL, Python, Power BI, Looker Studio, Databases, Tableau;1;1;1;1;1;1;1;;Cari Kerja, Upskill, Networking;LinkedIn;Jawa Tengah;1;1;1;0
478;surabaya;Ya;Excel, SQL, Python, Looker Studio, Databases, Tableau;1;1;1;0;1;1;1;;Upskill;LinkedIn;Jawa Timur;0;1;0;0
479;Jakarta;Tidak;Excel, SQL, Python, Power BI, Databases, Tableau;1;1;1;1;0;1;1;;Upskill, Networking;LinkedIn;Jakarta;0;1;1;0
480;Malang ;Ya;Excel, SQL, Python, Power BI;1;1;1;1;0;0;0;;Upskill;Teman;Jawa Timur;0;1;0;0
481;Tangerang ;Ya;Excel, Power BI, Looker Studio, Tableau;1;0;0;1;1;0;1;;Upskill, Networking, Switch Career;LinkedIn;Banten;0;1;1;1
482;Jombang;Ya;Excel, SQL, Python, Databases, Tableau;1;1;1;0;0;1;1;;Cari Kerja, Upskill, Networking;Instagram;Jawa Timur;1;1;1;0
483;Jawa Timur ;Ya;Excel;1;0;0;0;0;0;0;;Upskill;Teman;Jawa Timur;0;1;0;0
484;Banjarmasin;Ya;SQL, Python, Power BI;0;1;1;1;0;0;0;;Cari Kerja, Upskill;LinkedIn;Kalimantan Selatan;1;1;0;0
485;Jakarta Pusat;Ya;Excel, SQL, Python, Power BI, Tableau;1;1;1;1;0;0;1;;Cari Kerja, Upskill, Networking;LinkedIn;Jakarta;1;1;1;0
486;Jogja;Ya;SQL, Python, Power BI, Tableau;0;1;1;1;0;0;1;;Upskill, Networking;Teman;DI Yogyakarta;0;1;1;0
487;Magelang;Tidak;Python, Power BI, Databases;0;0;1;1;0;1;0;;Upskill, Networking, Switch Career;LinkedIn;Jawa Tengah;0;1;1;1
488;Kediri;Tidak;Excel, SQL, Python, Power BI;1;1;1;1;0;0;0;;Cari Kerja, Networking;Instagram;Jawa Timur;1;0;1;0
489;Klaten;Tidak;Excel, SQL, Power BI, Tableau;1;1;0;1;0;0;1;;Upskill;Instagram;Jawa Tengah;0;1;0;0
490;Rangkasbitung;Tidak;Excel, SQL, Python, Power BI, Looker Studio, Databases, Tableau;1;1;1;1;1;1;1;;Cari Kerja, Upskill, Networking, Switch Career;Instagram;Banten;1;1;1;1
491;Malang;Tidak;Excel, SQL, Python, Power BI, Looker Studio, Databases, Tableau;1;1;1;1;1;1;1;;Cari Kerja, Upskill, Networking, Switch Career;LinkedIn;Jawa Timur;1;1;1;1
492;Jakarta timur;Ya;Excel, Databases;1;0;0;0;0;1;0;;Cari Kerja, Upskill;LinkedIn;Jakarta;1;1;0;0
493;Depok;Tidak;Excel, SQL, Python;1;1;1;0;0;0;0;;Switch Career;LinkedIn;Jawa Barat;0;0;0;1
494;DKI Jakarta;Tidak;SQL, Python;0;1;1;0;0;0;0;;Upskill, Networking;LinkedIn;Jakarta;0;1;1;0
495;DKI Jakarta ;Tidak;Excel, SQL, Python;1;1;1;0;0;0;0;;Upskill, Networking;LinkedIn;Jakarta;0;1;1;0
496;Medan;Ya;Excel, SQL, Python, Power BI, Looker Studio, Databases, Tableau;1;1;1;1;1;1;1;;Cari Kerja, Upskill, Networking;LinkedIn;Sumatera Utara;1;1;1;0
497;Bekasi;Ya;Excel, SQL, Python, Power BI, Looker Studio, Databases, Tableau;1;1;1;1;1;1;1;;Cari Kerja, Upskill, Networking;LinkedIn;Jawa Barat;1;1;1;0
498;Makassar;Tidak;SQL, Python, Power BI, Looker Studio, Ingin belajar automasi update data;0;1;1;1;1;0;0; Ingin belajar automasi update data;Upskill, Networking;LinkedIn;Sulawesi Selatan;0;1;1;0
499;Depok;Tidak;Excel, SQL, Python, Power BI, Looker Studio, Databases, Tableau;1;1;1;1;1;1;1;;Cari Kerja, Upskill, Networking, Switch Career;LinkedIn;Jawa Barat;1;1;1;1
500;DEPOK;Tidak;SQL, Python, Power BI, Looker Studio, Tableau;0;1;1;1;1;0;1;;Upskill, Networking, Switch Career;LinkedIn;Jawa Barat;0;1;1;1
501;Jawa Timur;Ya;Power BI, Looker Studio, Databases, Tableau;0;0;0;1;1;1;1;;Cari Kerja, Upskill, Networking, Switch Career;LinkedIn;Jawa Timur;1;1;1;1
502;Klaten;Ya;Excel, SQL, Python, Power BI, Looker Studio, Databases, Tableau;1;1;1;1;1;1;1;;Upskill, Networking;LinkedIn;Jawa Tengah;0;1;1;0
503;Tangerang;Ya;Excel, SQL, Power BI, Databases, Tableau;1;1;0;1;0;1;1;;Cari Kerja, Switch Career;LinkedIn;Banten;1;0;0;1
504;Surabaya;Tidak;Excel, SQL, Python, Power BI, Looker Studio, Databases, Tableau;1;1;1;1;1;1;1;;Switch Career;LinkedIn;Jawa Timur;0;0;0;1
505;Bogor;Tidak;Excel, SQL, Python, Power BI, Databases;1;1;1;1;0;1;0;;Cari Kerja, Upskill, Networking;LinkedIn;Jawa Barat;1;1;1;0
506;Sulawesi Selatan;Ya;Excel, SQL, Python, Power BI, Looker Studio, Databases, Tableau;1;1;1;1;1;1;1;;Cari Kerja, Upskill, Networking;LinkedIn;Sulawesi Selatan;1;1;1;0
507;Medan;Ya;Excel, SQL, Python, Power BI, Tableau;1;1;1;1;0;0;1;;Cari Kerja, Upskill, Networking;LinkedIn;Sumatera Utara;1;1;1;0
508;Pekanbaru;Ya;Excel, Power BI;1;0;0;1;0;0;0;;Cari Kerja, Upskill, Networking, Switch Career;LinkedIn;Riau;1;1;1;1
509;Kota Bengkulu;Ya;Excel, SQL, Python, Looker Studio, Databases;1;1;1;0;1;1;0;;Cari Kerja, Upskill, Networking, Switch Career;LinkedIn;Bengkulu;1;1;1;1
510;Surabaya;Ya;Excel, SQL, Python, Power BI, Looker Studio, Databases, Tableau;1;1;1;1;1;1;1;;Cari Kerja, Upskill, Networking, Switch Career;LinkedIn;Jawa Timur;1;1;1;1
511;Depok;Ya;Excel, SQL, Python, Power BI, Looker Studio, Databases, Tableau, R;1;1;1;1;1;1;1; R;Cari Kerja, Upskill, Networking;LinkedIn;Jawa Barat;1;1;1;0
512;Kalimantan Barat;Ya;Excel, Looker Studio;1;0;0;0;1;0;0;;Cari Kerja, Upskill, Networking;LinkedIn;Kalimantan Barat;1;1;1;0
513;Bandung;Ya;SQL, Power BI, Looker Studio, Databases, Tableau;0;1;0;1;1;1;1;;Cari Kerja, Upskill, Networking;LinkedIn;Jawa Barat;1;1;1;0
514;Semarang ;Ya;Excel, SQL, Python, Power BI, Looker Studio, Databases, Tableau;1;1;1;1;1;1;1;;Cari Kerja, Upskill, Networking;LinkedIn;Jawa Tengah;1;1;1;0
515;Jakarta ;Ya;Excel, SQL, Python, Power BI, Looker Studio, Databases, Tableau;1;1;1;1;1;1;1;;Upskill, Networking;LinkedIn;Jakarta;0;1;1;0
516;Sulawesi Tengah ;Ya;Excel, Python, Looker Studio, Databases;1;0;1;0;1;1;0;;Cari Kerja, Upskill;LinkedIn;Sulawesi Tengah;1;1;0;0
517;Jawa Barat;Ya;Excel, SQL, Python, Power BI, Looker Studio, Databases, Tableau;1;1;1;1;1;1;1;;Upskill, Networking;Teman;Jawa Barat;0;1;1;0
518;Ciamis Jawa Barat ;Ya;Excel, SQL, Looker Studio, Tableau;1;1;0;0;1;0;1;;Cari Kerja, Upskill;LinkedIn;Jawa Barat;1;1;0;0
519;Surabaya;Tidak;Excel, SQL, Python, Power BI, Looker Studio, Databases, Tableau;1;1;1;1;1;1;1;;Cari Kerja, Upskill, Networking, Switch Career;LinkedIn;Jawa Timur;1;1;1;1
520;Depok;Ya;Excel, SQL, Power BI, Tableau;1;1;0;1;0;0;1;;Cari Kerja, Upskill, Switch Career;LinkedIn;Jawa Barat;1;1;0;1
521;Balikpapan, Kalimantan Timur;Tidak;Excel, SQL, Python, Power BI, Looker Studio, Databases, Tableau;1;1;1;1;1;1;1;;Upskill, Networking, Switch Career;LinkedIn;Kalimantan Timur;0;1;1;1
522;Tangerang Selatan;Ya;Excel, SQL, Python, Power BI, Looker Studio, Databases, Tableau;1;1;1;1;1;1;1;;Upskill, Networking, Switch Career;LinkedIn;Banten;0;1;1;1
523;Bekasi;Tidak;Excel, SQL, Python, Power BI, Looker Studio, Databases, Tableau, Data Engineer tools, API dll;1;1;1;1;1;1;1; Data Engineer tools, API dll;Upskill, Networking;LinkedIn;Jawa Barat;0;1;1;0
524;Wonosobo;Ya;Excel, SQL, Python, Power BI, Looker Studio, Databases, Tableau;1;1;1;1;1;1;1;;Cari Kerja, Upskill, Networking, Switch Career;LinkedIn;Jawa Tengah;1;1;1;1
525;Pasaman Barat;Tidak;SQL, Python, Databases;0;1;1;0;0;1;0;;Cari Kerja, Upskill;LinkedIn;Sumatera Barat;1;1;0;0
526;Jakarta;Tidak;Excel, SQL, Python, Power BI, Looker Studio, Databases, Tableau;1;1;1;1;1;1;1;;Cari Kerja, Upskill, Networking;LinkedIn;Jakarta;1;1;1;0
527;Jakarta;Tidak;Excel, SQL, Python, Power BI, Looker Studio, Databases, Tableau;1;1;1;1;1;1;1;;Cari Kerja, Upskill, Networking;LinkedIn;Jakarta;1;1;1;0
528;Gresik, Jawa Timur;Ya;Excel, SQL, Databases;1;1;0;0;0;1;0;;Upskill, Networking;Teman;Jawa Timur;0;1;1;0
529;Jakarta;Ya;Excel, SQL, Python, Power BI, Looker Studio, Databases, Tableau;1;1;1;1;1;1;1;;Upskill, Networking;Teman;Jakarta;0;1;1;0
530;Purwokerto, Kabupaten Banyumas;Ya;SQL, Python, Power BI, Looker Studio, Databases, Tableau;0;1;1;1;1;1;1;;Cari Kerja, Upskill, Networking, Switch Career;LinkedIn;Jawa Tengah;1;1;1;1
531;Tangerang;Tidak;Excel, SQL, Python, Databases;1;1;1;0;0;1;0;;Cari Kerja, Upskill, Networking, Switch Career;Instagram;Banten;1;1;1;1
532;Cikarang;Tidak;Excel, SQL, Python, Power BI, Looker Studio, Databases, Tableau;1;1;1;1;1;1;1;;Cari Kerja, Upskill, Networking, Switch Career;LinkedIn;Jawa Barat;1;1;1;1
533;Tangerang;Ya;SQL, Python, Databases;0;1;1;0;0;1;0;;Cari Kerja, Upskill, Networking;LinkedIn;Banten;1;1;1;0
534;Bengkulu ;Ya;Excel, SQL, Python, Databases;1;1;1;0;0;1;0;;Cari Kerja, Upskill, Networking, Switch Career;LinkedIn;Bengkulu;1;1;1;1
535;Serang;Ya;Excel, SQL, Power BI, Databases, Tableau;1;1;0;1;0;1;1;;Cari Kerja, Upskill, Networking, Switch Career;Instagram;Banten;1;1;1;1
536;Kalsel;Tidak;Databases, Excel;1;0;0;0;0;1;0;;Cari Kerja, Upskill, Networking, Switch Career;LinkedIn;Kalimantan Selatan;1;1;1;1
537;jakarta;Tidak;Excel, SQL, Python, Power BI, Looker Studio, Databases, Tableau;1;1;1;1;1;1;1;;Upskill, Networking;LinkedIn;Jakarta;0;1;1;0
538;Riau;Ya;Excel, SQL, Python, Power BI, Looker Studio, Databases, Tableau;1;1;1;1;1;1;1;;Cari Kerja, Upskill, Networking;LinkedIn;Riau;1;1;1;0
539;Pekalongan;Ya;Excel, SQL, Databases;1;1;0;0;0;1;0;;Cari Kerja, Upskill, Networking;LinkedIn;Jawa Tengah;1;1;1;0
540;Cilacap;Tidak;Excel, SQL, Python, Power BI, Looker Studio, Databases, Tableau;1;1;1;1;1;1;1;;Cari Kerja, Upskill, Networking, Switch Career;LinkedIn;Jawa Tengah;1;1;1;1
541;Cilacap;Tidak;Excel, SQL, Python, Power BI, Looker Studio, Databases, Tableau, ;1;1;1;1;1;1;1;;Cari Kerja, Upskill, Networking, Switch Career;LinkedIn;Jawa Tengah;1;1;1;1
542;Jakarta Utara ;Tidak;Excel, SQL, Python, Power BI, Looker Studio, Databases, Tableau;1;1;1;1;1;1;1;;Cari Kerja, Switch Career;LinkedIn;Jakarta;1;0;0;1
543;Surabaya;Ya;Excel, Power BI, Looker Studio, Databases;1;0;0;1;1;1;0;;Cari Kerja, Upskill, Networking, Switch Career;LinkedIn;Jawa Timur;1;1;1;1
544;Surabaya;Ya;Excel, SQL, Python, Power BI, Databases;1;1;1;1;0;1;0;;Cari Kerja, Upskill, Networking, Switch Career;LinkedIn;Jawa Timur;1;1;1;1
545;Kediri;Tidak;Excel, SQL, Python, Power BI, Tableau;1;1;1;1;0;0;1;;Networking, Switch Career;LinkedIn;Jawa Timur;0;0;1;1
546;Bekasi;Tidak;Excel, SQL, Python, Power BI, Looker Studio, Databases, Tableau;1;1;1;1;1;1;1;;Cari Kerja, Upskill;LinkedIn;Jawa Barat;1;1;0;0
547;Kab. Tangerang;Ya;Excel, SQL, Python, Power BI, Looker Studio, Databases, Tableau;1;1;1;1;1;1;1;;Cari Kerja, Upskill;LinkedIn;Banten;1;1;0;0
548;Pontianak;Ya;Excel, SQL, Python, Power BI, Looker Studio, Databases, Tableau;1;1;1;1;1;1;1;;Cari Kerja, Upskill, Networking, Switch Career;LinkedIn;Kalimantan Barat;1;1;1;1
549;Bengkulu;Ya;Excel, SQL, Python, Power BI, Looker Studio, Tableau;1;1;1;1;1;0;1;;Cari Kerja, Upskill;LinkedIn;Bengkulu;1;1;0;0
550;Magetan;Ya;Excel, SQL, Python, Power BI;1;1;1;1;0;0;0;;Cari Kerja, Upskill;LinkedIn;Jawa Tengah;1;1;0;0
551;Bandung;Tidak;Excel, SQL, Python, Power BI, Looker Studio, Tableau;1;1;1;1;1;0;1;;Upskill, Networking, Switch Career;Teman;Jawa Barat;0;1;1;1
552;pekanbaru;Tidak;Python, Power BI, Looker Studio, Tableau;0;0;1;1;1;0;1;;Upskill;Teman;Riau;0;1;0;0
553;Bekasi;Ya;Excel, SQL, Python, Power BI, Looker Studio, Databases, Tableau;1;1;1;1;1;1;1;;Cari Kerja, Upskill, Networking;LinkedIn;Jawa Barat;1;1;1;0
554;Medan ;Ya;Excel, SQL, Python, Power BI, Looker Studio, Databases, Tableau;1;1;1;1;1;1;1;;Cari Kerja, Upskill, Networking;LinkedIn;Sumatera Utara;1;1;1;0
555;Jakarta;Tidak;Excel, SQL, Python, Power BI, Looker Studio, Databases;1;1;1;1;1;1;0;;Cari Kerja, Upskill, Networking, Switch Career;LinkedIn;Jakarta;1;1;1;1
556;Bandung;Ya;Excel, SQL, Python, Power BI, Looker Studio, Databases, Tableau;1;1;1;1;1;1;1;;Cari Kerja, Upskill, Networking, Switch Career;LinkedIn;Jawa Barat;1;1;1;1
557;Jakarta;Ya;Excel, SQL, Python, Power BI, Looker Studio, Databases, Tableau;1;1;1;1;1;1;1;;Cari Kerja, Upskill, Networking, Switch Career;Teman;Jakarta;1;1;1;1
558;Kalimantan Tengah;Ya;Excel, SQL, Python, Power BI, Looker Studio, Databases, Tableau;1;1;1;1;1;1;1;;Cari Kerja, Upskill, Networking;LinkedIn;Kalimantan Tengah ;1;1;1;0
559;Blitar;Tidak;SQL, Python, Databases;0;1;1;0;0;1;0;;Cari Kerja, Upskill, Networking;LinkedIn;Jawa Timur;1;1;1;0
560;Bandung ;Ya;Excel, SQL, Python, Power BI, Looker Studio, Databases, Tableau;1;1;1;1;1;1;1;;Upskill, Networking, Switch Career;Teman;Jawa Barat;0;1;1;1
561;Sidoarjo;Tidak;Excel, SQL, Power BI, Tableau;1;1;0;1;0;0;1;;Upskill, Networking;LinkedIn;Jawa Timur;0;1;1;0
562;Kalimantan Selatan;Tidak;Power BI;0;0;0;1;0;0;0;;Cari Kerja, Upskill, Switch Career;LinkedIn;Kalimantan Selatan;1;1;0;1
563;Lampung;Ya;Excel, SQL, Databases;1;1;0;0;0;1;0;;Cari Kerja, Upskill, Networking;LinkedIn;Lampung;1;1;1;0
564;Tegal;Ya;Excel, SQL, Python, Databases;1;1;1;0;0;1;0;;Upskill, Networking, Switch Career;LinkedIn;Jawa Tengah;0;1;1;1
565;Jakarta;Tidak;SQL, Python, Power BI, Looker Studio, Databases, Tableau, ;0;1;1;1;1;1;1;;Upskill, Networking, Switch Career;Instagram;Jakarta;0;1;1;1
566;Yogyakarta;Tidak;Excel, SQL, Python, Power BI, Looker Studio, Databases, Tableau;1;1;1;1;1;1;1;;Cari Kerja;LinkedIn;DI Yogyakarta;1;0;0;0
567;Jawa Timur;Ya;Excel, SQL, Python, Power BI, Looker Studio, Databases, Tableau;1;1;1;1;1;1;1;;Upskill, Networking;LinkedIn;Jawa Timur;0;1;1;0
568;Cikarang ;Ya;Excel, SQL, Python;1;1;1;0;0;0;0;;Cari Kerja, Upskill, Networking, Switch Career;LinkedIn;Jawa Barat;1;1;1;1
569;Tangerang Selatan;Tidak;SQL, Python, Power BI, Databases, Tableau;0;1;1;1;0;1;1;;Upskill, Networking, Switch Career;LinkedIn;Banten;0;1;1;1
570;Bandung;Tidak;Excel, SQL, Python, Power BI, Looker Studio, Databases, Tableau;1;1;1;1;1;1;1;;Cari Kerja, Upskill, Networking, Switch Career;LinkedIn;Jawa Barat;1;1;1;1
571;Madiun;Tidak;Excel, SQL, Python, Databases;1;1;1;0;0;1;0;;Cari Kerja, Upskill, Networking;LinkedIn;Jawa Timur;1;1;1;0
572;Aceh;Tidak;Excel, SQL, Databases;1;1;0;0;0;1;0;;Upskill, Networking, Switch Career;LinkedIn;Aceh;0;1;1;1
573;Cilacap, Jawa Tengah;Ya;Excel, SQL, Python, Power BI, Looker Studio, Databases;1;1;1;1;1;1;0;;Cari Kerja, Upskill, Networking, Switch Career;LinkedIn;Jawa Tengah;1;1;1;1
574;Karanganyar;Tidak;Excel, SQL, Python, Power BI, R;1;1;1;1;0;0;0; R;Cari Kerja, Upskill, Networking, Switch Career;Teman;Jawa Tengah;1;1;1;1
575;Jakarta Pusat;Tidak;Excel, SQL, Python, Power BI, Looker Studio, Databases, Tableau;1;1;1;1;1;1;1;;Networking, Switch Career;LinkedIn;Jakarta;0;0;1;1
576;Bekasi;Tidak;Excel, SQL, Python, Power BI, Tableau;1;1;1;1;0;0;1;;Upskill, Networking;Instagram;Jawa Barat;0;1;1;0
577;Sukabumi;Ya;Excel, SQL, Python, Databases;1;1;1;0;0;1;0;;Cari Kerja, Upskill, Networking;LinkedIn;Jawa Barat;1;1;1;0
578;Yogyakarta;Ya;Excel, SQL, Python, Databases, Tableau;1;1;1;0;0;1;1;;Cari Kerja, Upskill, Networking, Switch Career;LinkedIn;DI Yogyakarta;1;1;1;1
579;Gowa;Tidak;Excel;1;0;0;0;0;0;0;;Cari Kerja;LinkedIn;Sulawesi Selatan;1;0;0;0
580;Bogor;Tidak;Excel, SQL, Python, Power BI, Databases, Tableau;1;1;1;1;0;1;1;;Cari Kerja, Upskill, Networking, Switch Career;LinkedIn;Jawa Barat;1;1;1;1
581;Kendari;Tidak;SQL, Tableau;0;1;0;0;0;0;1;;Upskill, Networking;LinkedIn;Sulawesi Tenggara;0;1;1;0
582;Surabaya;Ya;Excel, SQL, Power BI, Databases;1;1;0;1;0;1;0;;Cari Kerja, Upskill;LinkedIn;Jawa Timur;1;1;0;0
583;Tasikmalaya ;Ya;Excel, SQL, Power BI, Databases;1;1;0;1;0;1;0;;Cari Kerja, Upskill, Networking, Switch Career;LinkedIn;Jawa Barat;1;1;1;1
584;Tangerang,Banten;Ya;Excel, Python, Power BI;1;0;1;1;0;0;0;;Upskill, Networking;Teman;Banten;0;1;1;0
585;Mataram;Tidak;Excel, SQL, Python, Power BI, Looker Studio, Databases, Tableau, Semua tools data analyst;1;1;1;1;1;1;1; Semua tools data analyst;Upskill, Networking;LinkedIn;Nusa Tenggara Barat;0;1;1;0
586;Kota Jambi;Ya;Excel, SQL, Python, Power BI, Looker Studio, Databases, Tableau;1;1;1;1;1;1;1;;Cari Kerja, Upskill, Networking, Switch Career;LinkedIn;Jambi;1;1;1;1
587;Samarinda;Ya;Excel, Python, Power BI, Databases;1;0;1;1;0;1;0;;Cari Kerja, Upskill, Networking;LinkedIn;Kalimantan Timur;1;1;1;0
588;Tegal;Ya;Excel, SQL, Python, Power BI, Looker Studio, Databases, ;1;1;1;1;1;1;0;;Cari Kerja, Upskill;LinkedIn;Jawa Tengah;1;1;0;0
589;Jakarta Selatan;Ya;Excel, SQL, Python, Power BI, Looker Studio, Databases, Tableau;1;1;1;1;1;1;1;;Cari Kerja, Upskill, Networking, Switch Career;LinkedIn;Jakarta;1;1;1;1
590;Jawa Timur;Tidak;Excel, SQL, Python, Databases;1;1;1;0;0;1;0;;Cari Kerja, Upskill, Networking, Switch Career;LinkedIn;Jawa Timur;1;1;1;1
591;Pekanbaru;Ya;Excel, SQL, Python, Databases, Tableau;1;1;1;0;0;1;1;;Networking, Switch Career;LinkedIn;Riau;0;0;1;1
592;Kupang;Ya;Excel, SQL, Python, Power BI, Looker Studio, Databases, Tableau;1;1;1;1;1;1;1;;Cari Kerja, Upskill, Networking, Switch Career;LinkedIn;Nusa Tenggara Timur;1;1;1;1
593;Lampung;Ya;Excel, SQL, Python, Power BI, Looker Studio, Databases, Tableau;1;1;1;1;1;1;1;;Cari Kerja, Upskill, Networking, Switch Career;Teman;Lampung;1;1;1;1
594;Padang;Ya;Excel, SQL, Python, Databases;1;1;1;0;0;1;0;;Cari Kerja, Upskill, Networking, Switch Career;LinkedIn;Sumatera Barat;1;1;1;1
595;DKI Jakarta;Ya;Excel;1;0;0;0;0;0;0;;Upskill;LinkedIn;Jakarta;0;1;0;0
596;Sidoarjo;Ya;Excel, SQL, Python, Power BI, Looker Studio, Databases, Tableau, R;1;1;1;1;1;1;1; R;Cari Kerja, Upskill, Networking, Switch Career;Teman;Jawa Timur;1;1;1;1
597;Cimahi;Tidak;Excel, SQL, Python, Looker Studio, Tableau;1;1;1;0;1;0;1;;Cari Kerja, Upskill, Networking;LinkedIn;Jawa Barat;1;1;1;0
598;Sumatera Barat;Ya;Excel, SQL, Python, Power BI, Looker Studio, Databases, Tableau;1;1;1;1;1;1;1;;Cari Kerja, Upskill, Networking, Switch Career;LinkedIn;Sumatera Barat;1;1;1;1
599;Jakarta;Tidak;SQL, Python, Power BI, Looker Studio, Databases, Tableau;0;1;1;1;1;1;1;;Upskill, Networking;LinkedIn;Jakarta;0;1;1;0
600;Bekasi;Tidak;Excel, SQL, Python, Power BI, Looker Studio, Databases, Tableau;1;1;1;1;1;1;1;;Cari Kerja, Upskill, Networking, Switch Career;LinkedIn;Jawa Barat;1;1;1;1
601;Kebumen;Ya;Excel, SQL, Python, Power BI, Looker Studio, Databases, Tableau;1;1;1;1;1;1;1;;Cari Kerja, Upskill, Networking, Switch Career;LinkedIn;Jawa Tengah;1;1;1;1
602;Bandung;Tidak;Excel, SQL, Python, Looker Studio, Databases;1;1;1;0;1;1;0;;Upskill, Networking;LinkedIn;Jawa Barat;0;1;1;0
603;Cimahi;Ya;Excel, SQL, Python, Power BI, Looker Studio, Databases, Tableau;1;1;1;1;1;1;1;;Cari Kerja, Upskill, Networking, Switch Career;LinkedIn;Jawa Barat;1;1;1;1
604;Malang;Ya;Excel, SQL, Python, Databases, Tableau;1;1;1;0;0;1;1;;Upskill, Networking;LinkedIn;Jawa Timur;0;1;1;0
605;Samarinda;Ya;Excel, SQL, Python, Power BI, Looker Studio, Databases, Tableau;1;1;1;1;1;1;1;;Cari Kerja, Upskill;LinkedIn;Kalimantan Timur;1;1;0;0
606;Bekasi;Ya;Excel, SQL, Python, Power BI, Looker Studio, Databases, Tableau;1;1;1;1;1;1;1;;Cari Kerja, Upskill, Networking;LinkedIn;Jawa Barat;1;1;1;0
607;Pekanbaru, Riau;Tidak;Excel, SQL, Python, Power BI, Looker Studio, Databases, Tableau;1;1;1;1;1;1;1;;Upskill, Networking, Switch Career;LinkedIn;Riau;0;1;1;1
608;Jawa Tengah;Tidak;Excel, SQL, Python, Looker Studio, Databases;1;1;1;0;1;1;0;;Cari Kerja, Upskill, Networking, Switch Career;LinkedIn;Jawa Tengah;1;1;1;1
609;Jakarta Pusat;Ya;Excel, Python, Power BI, Looker Studio, Databases, Tableau;1;0;1;1;1;1;1;;Cari Kerja, Upskill, Networking;LinkedIn;Jakarta;1;1;1;0
610;Subang;Tidak;Excel, SQL, Power BI, Databases;1;1;0;1;0;1;0;;Upskill, Networking, Switch Career;LinkedIn;Jawa Barat;0;1;1;1
611;Bungo;Ya;Excel, SQL, Python, Looker Studio, Databases, Tableau;1;1;1;0;1;1;1;;Cari Kerja;Instagram;Jambi;1;0;0;0
612;Bantul;Tidak;Excel, SQL, Python, Power BI, Looker Studio, Databases, Tableau;1;1;1;1;1;1;1;;Cari Kerja, Upskill;LinkedIn;DI Yogyakarta;1;1;0;0
613;Palembang;Tidak;Excel, SQL, Python, Power BI, Looker Studio, Databases, Tableau;1;1;1;1;1;1;1;;Cari Kerja, Upskill, Networking, Switch Career;Teman;Sumatera Selatan;1;1;1;1
614;Batam;Tidak;Excel, SQL, Python, Power BI, Looker Studio, Databases, Tableau;1;1;1;1;1;1;1;;Cari Kerja, Upskill, Networking, Switch Career;LinkedIn;Riau;1;1;1;1
615;Batam;Tidak;Excel, SQL, Python, Power BI, Looker Studio, Databases, Tableau;1;1;1;1;1;1;1;;Cari Kerja, Upskill;LinkedIn;Riau;1;1;0;0
616;Bogor;Ya;Excel, SQL, Python, Power BI, Looker Studio, Databases, Tableau;1;1;1;1;1;1;1;;Cari Kerja, Upskill, Networking;LinkedIn;Jawa Barat;1;1;1;0
617;Cianjur, Jawa Barat ;Ya;Excel, SQL, Python, Power BI, Databases;1;1;1;1;0;1;0;;Cari Kerja, Upskill, Networking;LinkedIn;Jawa Barat;1;1;1;0
618;Makassar;Tidak;Excel, Power BI;1;0;0;1;0;0;0;;Switch Career;LinkedIn;Sulawesi Selatan;0;0;0;1
619;Jakarta Timur;Tidak;Excel, SQL, Python, Power BI;1;1;1;1;0;0;0;;Cari Kerja, Upskill, Networking, Switch Career;LinkedIn;Jakarta;1;1;1;1
620;Jakarta;Tidak;Excel, Power BI, Looker Studio, Databases;1;0;0;1;1;1;0;;Cari Kerja, Upskill, Networking, Switch Career;LinkedIn;Jakarta;1;1;1;1
621;Jakarta;Tidak;Excel, Power BI, Looker Studio, Databases, Tableau;1;0;0;1;1;1;1;;Cari Kerja, Upskill, Networking, Switch Career;LinkedIn;Jakarta;1;1;1;1
622;Jakarta Pusat;Tidak;SQL, Looker Studio, Databases;0;1;0;0;1;1;0;;Cari Kerja, Upskill, Networking, Switch Career;LinkedIn;Jakarta;1;1;1;1
623;Kendari;Ya;Excel, SQL, Python, Power BI, Looker Studio, Databases, Tableau;1;1;1;1;1;1;1;;Upskill;LinkedIn;Sulawesi Tenggara;0;1;0;0
624;Medan;Ya;Cloud server;0;0;0;0;0;0;0;Cloud server;Upskill;LinkedIn;Sumatera Utara;0;1;0;0
625;Jakarta Pusat;Tidak;Excel, SQL, Python, Power BI, Looker Studio, Databases, Tableau;1;1;1;1;1;1;1;;Upskill;LinkedIn;Jakarta;0;1;0;0
626;Bekasi;Tidak;Python, Looker Studio, Tableau;0;0;1;0;1;0;1;;Cari Kerja, Upskill, Networking;LinkedIn;Jawa Barat;1;1;1;0
627;Jakarta ;Tidak;Excel, Python, Power BI, Databases;1;0;1;1;0;1;0;;Upskill, Networking;LinkedIn;Jakarta;0;1;1;0
628;Agam;Ya;Excel, SQL, Python, Power BI, Looker Studio, Databases, Tableau;1;1;1;1;1;1;1;;Cari Kerja, Upskill, Networking;LinkedIn;Sumatera Barat;1;1;1;0
629;Jakarta;Ya;Python, Looker Studio, Databases;0;0;1;0;1;1;0;;Upskill, Networking;LinkedIn;Jakarta;0;1;1;0
630;Surabaya ;Tidak;Excel, SQL, Python, Power BI, Looker Studio, Databases, Tableau;1;1;1;1;1;1;1;;Cari Kerja, Upskill, Networking, Switch Career;LinkedIn;Jawa Timur;1;1;1;1
631;Pasuruan;Tidak;Excel, SQL, Python, Power BI, Looker Studio, Databases, Tableau, AI for Data Analyst;1;1;1;1;1;1;1; AI for Data Analyst;Cari Kerja, Upskill, Networking;LinkedIn;Jawa Timur;1;1;1;0
632;Cikarang;Ya;Excel, SQL, Python, Power BI, Looker Studio, Databases, Tableau;1;1;1;1;1;1;1;;Cari Kerja, Upskill, Networking, Switch Career;LinkedIn;Jawa Barat;1;1;1;1
633;Jakarta;Ya;Excel, SQL, Python, Power BI, Looker Studio, Databases, Tableau;1;1;1;1;1;1;1;;Cari Kerja, Upskill, Networking;LinkedIn;Jakarta;1;1;1;0
634;Bandung;Tidak;Excel, SQL, Python, Power BI, Looker Studio, Databases, Tableau;1;1;1;1;1;1;1;;Upskill, Networking;LinkedIn;Jawa Barat;0;1;1;0
635;Semarang;Tidak;Python, Power BI, Looker Studio, Databases, Tableau;0;0;1;1;1;1;1;;Cari Kerja, Upskill, Networking;LinkedIn;Jawa Tengah;1;1;1;0
636;Bengkulu ;Ya;Excel, SQL, Python, Power BI, Looker Studio, Databases, Tableau;1;1;1;1;1;1;1;;Cari Kerja, Upskill, Networking, Switch Career;LinkedIn;Bengkulu;1;1;1;1
637;Jawa Barat;Ya;Excel;1;0;0;0;0;0;0;;Upskill;LinkedIn;Jawa Barat;0;1;0;0
638;Bekasi;Ya;Excel, SQL, Power BI, Databases;1;1;0;1;0;1;0;;Cari Kerja, Networking;Teman;Jawa Barat;1;0;1;0
639;Yogyakarta;Tidak;Excel, SQL, Python, Databases;1;1;1;0;0;1;0;;Cari Kerja, Upskill, Networking;Teman;DI Yogyakarta;1;1;1;0
640;Bekasi;Tidak;Excel, SQL, Python, Power BI, Looker Studio, Databases, Tableau;1;1;1;1;1;1;1;;Cari Kerja, Upskill, Networking, Switch Career;LinkedIn;Jawa Barat;1;1;1;1
641;Jambi;Tidak;Excel, SQL, Python, Power BI, Looker Studio, Databases, Tableau;1;1;1;1;1;1;1;;Cari Kerja, Upskill, Networking, Switch Career;LinkedIn;Jambi;1;1;1;1
642;Bandung;Ya;SQL, Python, Power BI, Looker Studio, Databases, Tableau;0;1;1;1;1;1;1;;Upskill;LinkedIn;Jawa Barat;0;1;0;0
643;Yogyakarta;Tidak;Power BI, Looker Studio, Databases, Tableau;0;0;0;1;1;1;1;;Upskill, Networking, Switch Career;LinkedIn;DI Yogyakarta;0;1;1;1
644;Jakarta;Ya;Excel, Python, Looker Studio;1;0;1;0;1;0;0;;Cari Kerja;LinkedIn;Jakarta;1;0;0;0
645;Jember;Ya;Excel, SQL, Python, Databases;1;1;1;0;0;1;0;;Cari Kerja, Upskill, Networking, Switch Career;LinkedIn;Jawa Timur;1;1;1;1
646;Jember;Ya;Excel, SQL, Python, Databases;1;1;1;0;0;1;0;;Cari Kerja, Upskill, Networking, Switch Career;LinkedIn;Jawa Timur;1;1;1;1
647;Blora;Ya;Excel, SQL, Power BI, Tableau;1;1;0;1;0;0;1;;Cari Kerja, Upskill, Networking, Switch Career;LinkedIn;Jawa Tengah;1;1;1;1
648;Bekasi;Ya;Excel, SQL, Python, Power BI, Databases, Tableau;1;1;1;1;0;1;1;;Cari Kerja, Upskill, Networking, Switch Career;LinkedIn;Jawa Barat;1;1;1;1
649;Gresik;Ya;Excel, SQL, Power BI, Looker Studio, Databases, Tableau;1;1;0;1;1;1;1;;Cari Kerja, Upskill;LinkedIn;Jawa Timur;1;1;0;0
650;Malang;Tidak;Excel, SQL, Python, Power BI, Looker Studio, Databases;1;1;1;1;1;1;0;;Upskill, Networking;LinkedIn;Jawa Timur;0;1;1;0
651;Tangerang Selatan;Tidak;Excel, SQL, Python, Power BI, Looker Studio, Databases, Tableau;1;1;1;1;1;1;1;;Cari Kerja, Upskill, Networking;LinkedIn;Banten;1;1;1;0
652;Pamulang;Tidak;Excel, SQL, Python, Power BI, Looker Studio, Databases, Tableau;1;1;1;1;1;1;1;;Cari Kerja, Upskill, Networking, Switch Career;LinkedIn;Banten;1;1;1;1
653;Balikpapan;Ya;Excel, SQL, Python, Power BI, Looker Studio, Databases, Tableau;1;1;1;1;1;1;1;;Cari Kerja, Upskill, Networking, Switch Career;LinkedIn;Kalimantan Timur;1;1;1;1
654;Sidoarjo;Tidak;Excel, SQL, Python, Power BI, Looker Studio, Databases, Tableau;1;1;1;1;1;1;1;;Upskill, Networking, Switch Career;LinkedIn;Jawa Timur;0;1;1;1
655;Tangerang Selatan;Tidak;Excel, SQL, Python, Power BI, Databases, Tableau;1;1;1;1;0;1;1;;Cari Kerja, Upskill, Networking, Switch Career;LinkedIn;Banten;1;1;1;1
656;Malang;Ya;Excel, SQL, Python, Power BI, Looker Studio, Databases, Tableau;1;1;1;1;1;1;1;;Cari Kerja, Upskill, Networking, Switch Career;Instagram;Jawa Timur;1;1;1;1
657;Jakarta;Tidak;Excel, SQL, Python, Power BI, Looker Studio, Databases, Tableau;1;1;1;1;1;1;1;;Upskill, Networking;LinkedIn;Jakarta;0;1;1;0
658;Bantul, DIY;Ya;Excel, SQL, Python, Looker Studio, Databases;1;1;1;0;1;1;0;;Upskill, Networking;LinkedIn;DI Yogyakarta;0;1;1;0
659;Bogor;Ya;Excel, SQL, Python, Power BI, Looker Studio, Databases, Tableau;1;1;1;1;1;1;1;;Cari Kerja, Upskill, Networking;LinkedIn;Jawa Barat;1;1;1;0
660;Karawang;Ya;Excel, Looker Studio;1;0;0;0;1;0;0;;Cari Kerja, Upskill, Networking, Switch Career;LinkedIn;Jawa Barat;1;1;1;1
661;Jawa Tengah;Tidak;Excel, SQL, Python, Power BI, Looker Studio, Databases, Tableau;1;1;1;1;1;1;1;;Cari Kerja, Upskill, Networking, Switch Career;LinkedIn;Jawa Tengah;1;1;1;1
662;Tangerang;Tidak;Power BI, Looker Studio, Tableau;0;0;0;1;1;0;1;;Cari Kerja, Upskill, Networking, Switch Career;LinkedIn;Banten;1;1;1;1
663;Lampung ;Ya;Excel, SQL, Power BI, Tableau;1;1;0;1;0;0;1;;Cari Kerja, Upskill, Networking, Switch Career;LinkedIn;Lampung;1;1;1;1
664;Sidoarjo;Ya;SQL, Power BI, Looker Studio, Tableau;0;1;0;1;1;0;1;;Cari Kerja, Upskill, Networking;LinkedIn;Jawa Timur;1;1;1;0
665;Belitung;Ya;Databases;0;0;0;0;0;1;0;;Upskill, Networking;Instagram;Bangka  Belitung;0;1;1;0
666;Belitung ;Ya;SQL, Python;0;1;1;0;0;0;0;;Upskill;Instagram;Bangka  Belitung;0;1;0;0
667;Banjarmasin;Ya;Excel, SQL, Python, Looker Studio;1;1;1;0;1;0;0;;Upskill;LinkedIn;Kalimantan Selatan;0;1;0;0
668;Lampung;Ya;Excel, SQL, Python, Power BI, Databases, Tableau;1;1;1;1;0;1;1;;Cari Kerja, Upskill, Networking, Switch Career;LinkedIn;Lampung;1;1;1;1
669;Pontianak ;Tidak;Excel, SQL, Python;1;1;1;0;0;0;0;;Cari Kerja, Upskill;Instagram;Kalimantan Barat;1;1;0;0
670;Yogyakarta;Tidak;Excel, SQL, Python, Power BI, Looker Studio, Databases;1;1;1;1;1;1;0;;Upskill;Teman;DI Yogyakarta;0;1;0;0
671;Bogor;Ya;Excel, Power BI, Tableau;1;0;0;1;0;0;1;;Cari Kerja, Upskill, Networking, Switch Career;LinkedIn;Jawa Barat;1;1;1;1
672;Semarang;Tidak;SQL, Python, Power BI, Tableau;0;1;1;1;0;0;1;;Upskill, Networking, Switch Career;LinkedIn;Jawa Tengah;0;1;1;1
673;Sukabumi, Jawa Barat;Ya;Excel, SQL, Python, Power BI, Looker Studio, Databases, Tableau;1;1;1;1;1;1;1;;Cari Kerja, Upskill, Networking;LinkedIn;Jawa Barat;1;1;1;0
674;Jakarta;Tidak;Excel, Power BI, Databases;1;0;0;1;0;1;0;;Upskill;LinkedIn;Jakarta;0;1;0;0
675;Jember ;Tidak;Excel;1;0;0;0;0;0;0;;Upskill;Teman;Jawa Timur;0;1;0;0
676;Jember ;Tidak;Excel, SQL;1;1;0;0;0;0;0;;Upskill, Networking;Instagram;Jawa Timur;0;1;1;0
677;Jakarta;Ya;Excel, SQL, Python, Looker Studio;1;1;1;0;1;0;0;;Upskill, Networking;LinkedIn;Jakarta;0;1;1;0
678;Makassar;Tidak;SQL, Python, Power BI, Databases, Tableau;0;1;1;1;0;1;1;;Upskill, Networking, Switch Career;LinkedIn;Sulawesi Selatan;0;1;1;1
679;Jepara;Tidak;Excel, SQL, Python, Tableau;1;1;1;0;0;0;1;;Cari Kerja;Teman;Jawa Tengah;1;0;0;0
680;Lamongan;Ya;Databases, Tableau;0;0;0;0;0;1;1;;Upskill, Networking;Instagram;Jawa Timur;0;1;1;0
681;Bekasi, Jawa Barat;Ya;Excel, SQL, Python, Power BI, Looker Studio, Databases, Tableau;1;1;1;1;1;1;1;;Upskill, Networking, Switch Career;LinkedIn;Jawa Barat;0;1;1;1
